class,feature,fold5_median,fold1_4_median,difference
background,aspect,184.98655659657584,181.5161442915128,3.4704123050630358
background,curvature,-1.0254219183908342e-05,-1.0254219183908342e-05,0.0
background,distdrainage,242.09613330484945,254.8879055146947,-12.791772209845249
background,distriver,21943.07092501602,22616.93005157628,-673.859126560259
background,distroads,3233.7743003631704,3114.611728263192,119.1625720999782
background,elevation,852.7287783641369,687.9525775904185,164.77620077371841
background,ndvi,0.1517685476241339,0.1475264748069704,0.004242072817163489
background,rainfall_frequency,79.99507126071963,88.00456251716666,-8.009491256447035
background,slope,2.555275795770134,2.371214697714164,0.18406109805597026
background,twi,9.254018280587175,9.10432605975524,0.14969222083193578
flood,aspect,180.001281777398,173.66089358195745,6.340388195440539
flood,curvature,-2.105777153815769e-06,1.96844386121664e-06,-4.074221015032409e-06
flood,distdrainage,227.883053071688,212.0117801446577,15.871272927030304
flood,distriver,11508.916791283915,6452.840876491592,5056.075914792323
flood,distroads,750.7242042298654,1052.3544648579364,-301.6302606280709
flood,elevation,115.62030913651029,105.01913974598511,10.601169390525172
flood,ndvi,0.3274025696584979,0.292550431836909,0.03485213782158891
flood,rainfall_frequency,90.9998016296884,95.00454725791192,-4.004745628223517
flood,slope,0.0901264687032685,0.0698162785729545,0.020310190130314
flood,twi,12.132929517502363,12.372690786461987,-0.23976126895962402
