fold,class,n,aspect,curvature,distdrainage,distriver,distroads,elevation,ndvi,rainfall_frequency,slope,twi
1,background,1960,176.8283333841975,-1.0254219183908342e-05,257.96740623187964,26129.100878933074,2653.6015274513993,714.3246224322804,0.1659138767662586,100.9950254829554,2.8275592822046574,8.946768654438916
1,flood,1968,173.43504135258033,-2.105777153815769e-06,210.1167027802362,6275.846232490005,899.6774193548387,59.99688949486587,0.2877132480849635,93.99504074221014,0.0660081179235206,12.387660008545181
2,background,1999,179.3733024079104,-1.4328440198968506e-05,242.09613330484945,22749.14291817988,4395.609378337962,553.6710986437663,0.1402630695516831,82.00299081392865,0.9152279427472764,10.017702322458572
2,flood,1941,175.09863582262642,-2.105777153815769e-06,212.0117801446577,5902.664754173406,1659.3388164922023,98.47520802343873,0.2303231910153507,86.99505600146489,0.0672775048066652,12.457431806390575
3,background,2011,189.99937437055573,-6.179998168875933e-06,247.07071138645583,23973.17816705832,3096.737342448195,582.9879127607742,0.1152378917813654,51.99513229773857,1.961202734458449,9.284971587267677
3,flood,2038,167.76670125431076,1.96844386121664e-06,201.115085299234,6329.15787224952,936.1709570604573,180.53611182417052,0.3199560533463546,116.0045014801477,0.0685468916898098,12.385376567888423
4,background,2049,180.82757042146065,-6.179998168875933e-06,242.09613330484945,19725.30671102024,2472.623371074557,934.7896821648689,0.1744132816553238,116.0045014801477,6.245383465071567,8.208202459791863
4,flood,2033,179.99577318643756,1.96844386121664e-06,227.883053071688,7932.771996215705,899.6774193548387,133.81243932518927,0.3213293862727744,88.00456251716666,0.0799713736381115,12.22198370311594
5,background,1981,184.98655659657584,-1.0254219183908342e-05,242.09613330484945,21943.07092501602,3233.7743003631704,852.7287783641369,0.1517685476241339,79.99507126071963,2.555275795770134,9.254018280587175
5,flood,2020,180.001281777398,-2.105777153815769e-06,227.883053071688,11508.916791283915,750.7242042298654,115.62030913651029,0.3274025696584979,90.9998016296884,0.0901264687032685,12.132929517502363
