feature,class,n,min,p05,p25,median,mean,p75,p95,max,std
aspect,0,10000,-1.0,18.43430890835292,99.46568193609424,181.9871288186285,182.88277778405106,270.00064088869897,342.213310647908,359.9779656361584,101.23589553175646
aspect,1,10000,-1.0,-1.0,4.960295419171729,152.48862422559284,150.33710520950956,260.78201391644035,333.10981322672194,360.0,119.39065340283054
curvature,0,10000,-0.0393468581194494,-0.0082483291116061,-0.000936120944852975,-6.179998168875933e-06,7.664850764490496e-05,0.0007556993316446,0.009014756462294346,0.0314142124698629,0.004989485335061402
curvature,1,10000,-0.006007507553331,-0.0005686262092958548,-1.8402661214000915e-05,1.96844386121664e-06,-5.091773735753932e-06,2.2339548936434195e-05,0.0005766373180333521,0.0061255226294748,0.0006465711279400458
distdrainage,0,10000,0.0,30.084353160191657,108.01940977202672,242.09613330484945,327.18825753349404,429.9456770531327,735.0531327249977,13181.92126224555,559.2013054755776
distdrainage,1,10000,0.0,0.0,67.03836176641134,175.05777153843806,213.3590617084262,319.0836512344737,551.9412823877682,1011.9713126010928,171.72671020149838
distriver,0,10000,0.0,2008.782586138493,9860.520889919737,22233.08624530778,30478.433341788994,42245.2095782342,87147.89777520063,255371.28431043428,28973.202313950376
distriver,1,10000,0.0,119.41807306131167,609.8851588488418,1351.983184301279,1863.4644390026551,2585.6145283364363,5233.070558793908,32507.305459761345,1910.0005176031052
distroads,0,10000,0.0,84.90333262123478,823.7112796411022,3454.9698248237555,6915.29407087161,9891.610633411665,25150.229037598787,70246.3362529374,8748.19648909859
distroads,1,10000,0.0,445.3701132236702,1667.9036263618887,2929.1649754326,3300.694809228797,4556.478850672933,7552.002483443707,11990.73381756035,2162.376489737675
elevation,0,10000,0.0544749163408386,46.90902604977307,178.80196991769577,775.5758233553148,1368.2115037774106,1872.665976640219,4725.1003751809685,7218.927315326177,1525.2848817590154
elevation,1,10000,70.46718025094012,80.15219920030879,91.66951903199046,109.73077058621853,117.84244511939879,129.2316871194068,192.44606755920503,224.1186970963296,34.677748893848175
ndvi,0,10000,-0.6267891476180303,-0.058108767967772396,0.0738166447950681,0.140995513779107,0.18999823908200322,0.2771156956694234,0.5503616443372902,0.8101748710592975,0.18037658033311363
ndvi,1,10000,-0.3393047883541368,-0.0956770531327249,0.0843836787011322,0.2295144505142368,0.21736188238166446,0.3627658925138095,0.49687948240607926,0.6827600939970091,0.18438515535491012
rainfall_frequency,0,10000,0.0,12.003143406476028,37.995162816248055,82.00299081392865,122.23217712790307,152.00283822138127,400.9959562974944,706.9984588152714,121.96017309719268
rainfall_frequency,1,10000,20.999954222235782,25.004699850459303,46.0046540726951,65.9951017792291,83.81681665395061,90.00138859218116,230.25124134036932,396.00389110995815,62.99290562083781
slope,0,10000,0.0,0.0520448622089297,0.4011262550737022,3.3810119632557147,10.438051302627644,18.10589980773339,37.39772431104464,68.71064259773553,13.102944162718918
slope,1,10000,0.0,0.0,0.0126938688314462,0.0913958555864131,0.3168545794915616,0.2373753471480452,1.7327765648365727,6.9232360606707966,0.6745878452626485
twi,0,10000,4.014283120212409,5.336090801721244,6.694408162175359,8.824224005859554,9.176357296758933,11.227418439283424,14.38731973479415,22.4391120639668,2.916366470830987
twi,1,10000,6.871628528702658,9.099683063753165,10.883760620441295,12.093603595080417,12.280936762102113,13.478383495590077,15.921690369884335,25.036145237586595,2.1748281352228367
