model,feature,bin_value,ale_mean,ale_median,ale_lower_95,ale_upper_95
XGBoost,distdrainage,15.042176580095829,0.021403094212828672,0.021417539083666635,0.01911743161208345,0.023399289022176237
XGBoost,distdrainage,45.00808740501114,0.01778887742912382,0.017782845853478647,0.01561820394734037,0.019593272558460304
XGBoost,distdrainage,72.48670918912322,0.012575181581539257,0.012624249016912656,0.010878242656682847,0.014136536412502173
XGBoost,distdrainage,90.01617481002228,0.0050080153813211545,0.0050535274245310565,0.0035911491748172545,0.0062806759053695696
XGBoost,distdrainage,109.44071779534286,0.00502435080101077,0.005018356640706772,0.003560603140717722,0.0063095872574546975
XGBoost,distdrainage,136.91933957945494,0.010730745202700141,0.010773911408812275,0.009441672216607255,0.01186596002907783
XGBoost,distdrainage,162.50288399914547,0.010862858705371462,0.010909547430160456,0.00955591761733929,0.011999644847902528
XGBoost,distdrainage,192.58723715933712,0.006390453614443384,0.0064609888729173694,0.005022215419920394,0.007546788593405801
XGBoost,distdrainage,222.07937864314707,0.0031184986607728825,0.0032082890732213834,0.0018791410521138453,0.0044580281624896426
XGBoost,distdrainage,250.97930845057527,0.0025238439814744833,0.002498373616341266,0.0014175624290434646,0.003791818523672407
XGBoost,distdrainage,282.4849696340831,0.0025304007283348286,0.0025114913747645885,0.0012671088088635576,0.003710435404703606
XGBoost,distdrainage,313.5168614764855,-0.0016661353221537232,-0.001644537291291633,-0.002792863836615581,-0.0005504909499071066
XGBoost,distdrainage,347.5098117007966,-0.007129968479126849,-0.007123417372064433,-0.008407192359835317,-0.0057283231981768
XGBoost,distdrainage,390.9781487472152,-0.007461294270903028,-0.007488339846848978,-0.008842679882880186,-0.0056321337579016105
XGBoost,distdrainage,441.4345835749382,-0.012143048948149042,-0.012185485416417945,-0.013832990176262102,-0.010275666037918995
XGBoost,distdrainage,494.97051911984613,-0.017250253582845276,-0.01734250616660575,-0.01925360340165149,-0.015305592695015365
XGBoost,distdrainage,562.4826502273629,-0.029847090293814892,-0.029857866342779017,-0.032241733811370216,-0.027474986242229354
XGBoost,distdrainage,668.0147709585864,-0.037250488040199044,-0.03736756770769134,-0.0406649324058785,-0.034147790777350306
XGBoost,distdrainage,5947.5818659016695,-0.011046120536675213,-0.011082701511576306,-0.01567772098351619,-0.005829382467031827
