feature,mean_pairwise_spearman_nonlin,min_pairwise_spearman_nonlin,mean_pairwise_sign_agreement_nonlin,all4_same_sign_fraction,at_least_3of4_same_sign_fraction,common_x_min,common_x_max,interpolation_points
aspect,0.7037672299351124,0.5078307961439684,0.8300083125519534,0.6783042394014963,0.9451371571072319,3.8994785149693296,348.7341051973022,401
curvature,0.3503665897445441,-0.06814419175940746,0.9650872817955113,0.9301745635910225,1.0,-0.0179571977904598,0.0181323538163395,401
distdrainage,0.9521343407650029,0.9000893289165148,0.8611803823773899,0.7231920199501247,0.9975062344139651,15.042176580095829,5947.5818659016695,401
distriver,0.6002256175481695,0.372495626605129,0.9945968412302578,0.9900249376558603,0.9975062344139651,298.5451826532792,172495.14160588395,401
distroads,0.10721644272403569,-0.7529688837607476,0.6716541978387366,0.34413965087281795,0.9975062344139651,29.79064302499466,54325.17394787441,401
elevation,0.5314528976067295,-0.07522034466073622,0.9925187032418953,0.9850374064837906,1.0,3.326440777614039,5661.327598862242,401
ndvi,0.9506438195555887,0.9051459038969741,0.8283458021612634,0.6608478802992519,0.9875311720698254,-0.4244521927549058,0.6715903195287942,401
rainfall_frequency,0.9053881775660352,0.79826553020434,0.9434746467165419,0.8927680798004988,0.9825436408977556,7.99839777825251,553.9972075563829,401
slope,0.6355655016687138,0.458172851453456,0.9983374896093101,0.9975062344139651,0.9975062344139651,0.0063469344157231,49.48796794488358,401
twi,0.5700985099440454,0.27261007927941344,0.6579384871155446,0.3491271820448878,0.9002493765586035,4.890553472243416,21.368939542832727,401
