feature,model,n_zero_crossings,zero_crossings
aspect,LR,1,177.4332986
aspect,RF,2,169.4092136;341.7564196
aspect,XGBoost,5,14.10815957;139.0025322;155.8853494;190.0542561;325.0338609
aspect,CatBoost,2,171.8153218;338.0648692
aspect,TabPFN,7,130.696699;141.4090135;161.1831313;179.0731824;197.3999522;245.2802698;260.1986853
curvature,LR,1,8.22917011e-05
curvature,RF,3,-0.01553827868;-4.294428172e-05;5.224583254e-05
curvature,XGBoost,2,-4.749115381e-05;2.669842736e-05
curvature,CatBoost,2,-4.840903278e-05;3.722918674e-05
curvature,TabPFN,2,-0.000113784855;2.396614847e-05
distdrainage,LR,1,512.7588357
distdrainage,RF,1,323.8135512
distdrainage,XGBoost,1,301.1963832
distdrainage,CatBoost,1,313.6592068
distdrainage,TabPFN,2,281.1332966;4352.705927
distriver,LR,1,19920.45292
distriver,RF,1,8856.43974
distriver,XGBoost,3,7834.346359;9981.752578;10244.34762
distriver,CatBoost,1,7606.934667
distriver,TabPFN,1,8470.658528
distroads,LR,1,4648.96039
distroads,RF,3,364.6103275;4390.339937;44677.67827
distroads,XGBoost,2,438.3046147;8889.205514
distroads,CatBoost,2,481.7364412;9080.776499
distroads,TabPFN,2,698.3837004;30066.87271
elevation,LR,1,645.4408213
elevation,RF,3,134.071641;217.753993;281.5199588
elevation,XGBoost,1,139.4474585
elevation,CatBoost,1,141.915261
elevation,TabPFN,1,171.2080092
ndvi,LR,1,0.2453529246
ndvi,RF,3,0.05892088672;0.248719712;0.4356486256
ndvi,XGBoost,3,0.05871728465;0.2426547858;0.4452594489
ndvi,CatBoost,3,0.06067689207;0.2710152791;0.4399130379
ndvi,TabPFN,1,0.2837932812
rainfall_frequency,LR,1,131.2683673
rainfall_frequency,RF,1,101.9924133
rainfall_frequency,XGBoost,1,95.5658676
rainfall_frequency,CatBoost,1,110.7988323
rainfall_frequency,TabPFN,1,155.2536214
slope,LR,1,4.285890668
slope,RF,1,0.2933296693
slope,XGBoost,1,0.2777212104
slope,CatBoost,1,0.2378815588
slope,TabPFN,1,0.1431719763
twi,LR,1,11.02989363
twi,RF,1,10.826375
twi,XGBoost,6,8.831879319;9.905235258;10.79608565;13.35914265;14.4657651;16.43497374
twi,CatBoost,2,10.96564677;14.38660879
twi,TabPFN,3,6.057653274;10.49961598;14.92781151
