feature,model_a,model_b,spearman_shape,pearson_shape,sign_agreement_fraction,common_x_min,common_x_max,interpolation_points
aspect,LR,RF,0.8985593851192915,0.8757829632370361,0.9526184538653366,3.8888744773705257,348.7707373271889,401
aspect,LR,XGBoost,0.5562718204488778,0.5531971441624641,0.8154613466334164,3.8888744773705257,348.7707373271889,401
aspect,LR,CatBoost,0.7878570365131946,0.820386014257284,0.9501246882793017,3.8888744773705257,348.7707373271889,401
aspect,LR,TabPFN,0.574892619198273,0.5450079548229503,0.8254364089775561,3.8994785149693296,348.7341051973022,401
aspect,RF,XGBoost,0.6994636542970932,0.6442995760824333,0.8129675810473815,3.8888744773705257,348.7707373271889,401
aspect,RF,CatBoost,0.9067050656939741,0.8989348024787995,0.9825436408977556,3.8888744773705257,348.7707373271889,401
aspect,RF,TabPFN,0.6026309226932669,0.5512925021265442,0.827930174563591,3.8994785149693296,348.7341051973022,401
aspect,XGBoost,CatBoost,0.8589675066066179,0.8490283013901548,0.830423940149626,3.8888744773705257,348.7707373271889,401
aspect,XGBoost,TabPFN,0.5078307961439684,0.47899313736519417,0.71571072319202,3.8994785149693296,348.7341051973022,401
aspect,CatBoost,TabPFN,0.6469522090296648,0.6416020825340386,0.8104738154613467,3.8994785149693296,348.7341051973022,401
curvature,LR,RF,-0.025161164253545244,-0.03450316848474498,0.428927680798005,-0.0179571977904598,0.0181444746238593,401
curvature,LR,XGBoost,-0.970348196672498,-0.8318701786816384,0.49625935162094764,-0.0179571977904598,0.0181444746238593,401
curvature,LR,CatBoost,-0.9508141958536497,-0.7264902109584435,0.49625935162094764,-0.0179571977904598,0.0181444746238593,401
curvature,LR,TabPFN,-0.6232729742807162,-0.7562546012222523,0.4937655860349127,-0.0179571977904598,0.0181323538163395,401
curvature,RF,XGBoost,0.0676696318904232,0.03178664598540831,0.9326683291770573,-0.0179571977904598,0.0181444746238593,401
curvature,RF,CatBoost,0.10123720549372837,0.5416736389478853,0.9326683291770573,-0.0179571977904598,0.0181444746238593,401
curvature,RF,TabPFN,-0.06814419175940746,-0.02414237969507247,0.9301745635910225,-0.0179571977904598,0.0181323538163395,401
curvature,XGBoost,CatBoost,0.961061711393159,0.8035074593042598,1.0,-0.0179571977904598,0.0181444746238593,401
curvature,XGBoost,TabPFN,0.5545045967171623,0.6629909441846781,0.9975062344139651,-0.0179571977904598,0.0181323538163395,401
curvature,CatBoost,TabPFN,0.48439405218297543,0.6936628015460528,0.9975062344139651,-0.0179571977904598,0.0181323538163395,401
distdrainage,LR,RF,0.4802931105073139,-0.12380852844443252,0.032418952618453865,15.042176580095829,5947.5818659016695,401
distdrainage,LR,XGBoost,0.5395248818252876,0.2611812105068405,0.034912718204488775,15.042176580095829,5947.5818659016695,401
distdrainage,LR,CatBoost,0.46904994975248454,-0.23295961799652445,0.032418952618453865,15.042176580095829,5947.5818659016695,401
distdrainage,LR,TabPFN,0.7395380950608554,0.7370275633249619,0.3092269326683292,15.042176580095829,5947.5818659016695,401
distdrainage,RF,XGBoost,0.9825808612796368,0.923079239874949,0.9975062344139651,15.042176580095829,5947.5818659016695,401
distdrainage,RF,CatBoost,0.9990129154725128,0.9931493161849929,1.0,15.042176580095829,5947.5818659016695,401
distdrainage,RF,TabPFN,0.9090024937655862,0.5774880292421439,0.7231920199501247,15.042176580095829,5947.5818659016695,401
distdrainage,XGBoost,CatBoost,0.9753643875386163,0.8761838379403075,0.9975062344139651,15.042176580095829,5947.5818659016695,401
distdrainage,XGBoost,TabPFN,0.9467560576171512,0.8411859987267483,0.7256857855361596,15.042176580095829,5947.5818659016695,401
distdrainage,CatBoost,TabPFN,0.9000893289165148,0.4834694102937191,0.7231920199501247,15.042176580095829,5947.5818659016695,401
distriver,LR,RF,0.44706200915621397,0.8453422516360083,0.9351620947630923,298.5451826532792,172495.14160588395,401
distriver,LR,XGBoost,0.9972265232441286,0.9370286661090694,0.9326683291770573,298.5451826532792,172495.14160588395,401
distriver,LR,CatBoost,1.0,0.9114925940727998,0.9276807980049875,298.5451826532792,172495.14160588395,401
distriver,LR,TabPFN,0.372495626605129,0.7572623165017549,0.9326683291770573,298.5451826532792,172495.14160588395,401
distriver,RF,XGBoost,0.4442885324003425,0.9487612178462582,0.9925187032418953,298.5451826532792,172495.14160588395,401
distriver,RF,CatBoost,0.44706200915621397,0.979795386417255,0.9925187032418953,298.5451826532792,172495.14160588395,401
distriver,RF,TabPFN,0.9631990918226823,0.9383440009807383,0.9975062344139651,298.5451826532792,172495.14160588395,401
distriver,XGBoost,CatBoost,0.9972265232441286,0.9903701095322677,0.9950124688279302,298.5451826532792,172495.14160588395,401
distriver,XGBoost,TabPFN,0.3770819220605204,0.9014243945179551,0.9950124688279302,298.5451826532792,172495.14160588395,401
distriver,CatBoost,TabPFN,0.372495626605129,0.9160026510370982,0.9950124688279302,298.5451826532792,172495.14160588395,401
distroads,LR,RF,-0.49013362117095327,-0.25286113789754816,0.8104738154613467,29.79064302499466,54406.65135654775,401
distroads,LR,XGBoost,0.5564207019764024,0.4696908887138277,0.9102244389027432,29.79064302499466,54406.65135654775,401
distroads,LR,CatBoost,0.9545274872520194,0.74520918243602,0.9077306733167082,29.79064302499466,54406.65135654775,401
distroads,LR,TabPFN,0.8487008225704397,0.824336990677383,0.5211970074812967,29.79064302499466,54325.17394787441,401
distroads,RF,XGBoost,0.004528976067294451,0.5763855011719445,0.7356608478802993,29.79064302499466,54406.65135654775,401
distroads,RF,CatBoost,-0.47470409796404517,0.31362502682287136,0.7331670822942643,29.79064302499466,54406.65135654775,401
distroads,RF,TabPFN,-0.7529688837607476,-0.602486394910508,0.34413965087281795,29.79064302499466,54325.17394787441,401
distroads,XGBoost,CatBoost,0.6012301336211711,0.9063881183666337,0.9975062344139651,29.79064302499466,54406.65135654775,401
distroads,XGBoost,TabPFN,0.3799162541407676,0.2594142262280056,0.6084788029925187,29.79064302499466,54325.17394787441,401
distroads,CatBoost,TabPFN,0.8828713663602189,0.5259729007670121,0.6109725685785536,29.79064302499466,54325.17394787441,401
elevation,LR,RF,-0.15266311832359405,0.3549725107011242,0.9201995012468828,3.326440777614039,5681.037921210547,401
elevation,LR,XGBoost,0.14185748315777721,0.37498296240683265,0.9102244389027432,3.326440777614039,5681.037921210547,401
elevation,LR,CatBoost,0.13691033610004838,0.364868670794002,0.9102244389027432,3.326440777614039,5681.037921210547,401
elevation,LR,TabPFN,0.9416010347266164,0.6864389463355868,0.9152119700748129,3.326440777614039,5661.327598862242,401
elevation,RF,XGBoost,0.8797420627535639,0.9669335697193351,0.9900249376558603,3.326440777614039,5681.037921210547,401
elevation,RF,CatBoost,0.8458024714333571,0.9568297734525244,0.9900249376558603,3.326440777614039,5681.037921210547,401
elevation,RF,TabPFN,-0.07522034466073622,0.8088931372804549,0.9850374064837906,3.326440777614039,5661.327598862242,401
elevation,XGBoost,CatBoost,0.9904291510030895,0.9941448470590443,1.0,3.326440777614039,5681.037921210547,401
elevation,XGBoost,TabPFN,0.26907786503889536,0.859939045456839,0.9950124688279302,3.326440777614039,5661.327598862242,401
elevation,CatBoost,TabPFN,0.27451706554509253,0.8836429861710811,0.9950124688279302,3.326440777614039,5661.327598862242,401
ndvi,LR,RF,0.9296013697100535,0.9204957153237688,0.6907730673316709,-0.4919583727530747,0.7194433423871578,401
ndvi,LR,XGBoost,0.9353889529906578,0.9371072712382429,0.683291770573566,-0.4919583727530747,0.7194433423871578,401
ndvi,LR,CatBoost,0.9334367439609932,0.9354783048274851,0.7082294264339152,-0.4919583727530747,0.7194433423871578,401
ndvi,LR,TabPFN,1.0,0.9873396914018694,0.9650872817955112,-0.4244521927549058,0.6715903195287942,401
ndvi,RF,XGBoost,0.9923765213831095,0.9906753568416489,0.9875311720698254,-0.4919583727530747,0.7194433423871578,401
ndvi,RF,CatBoost,0.9974485428220494,0.9897852796831085,0.9775561097256857,-0.4919583727530747,0.7194433423871578,401
ndvi,RF,TabPFN,0.9051459038969741,0.9116005164223429,0.6907730673316709,-0.4244521927549058,0.6715903195287942,401
ndvi,XGBoost,CatBoost,0.9920796888376077,0.9970527001735604,0.970074812967581,-0.4919583727530747,0.7194433423871578,401
ndvi,XGBoost,TabPFN,0.9128562921055571,0.9407781716710704,0.685785536159601,-0.4244521927549058,0.6715903195287942,401
ndvi,CatBoost,TabPFN,0.909923326013325,0.9354031626811802,0.6683291770573566,-0.4244521927549058,0.6715903195287942,401
rainfall_frequency,LR,RF,-0.9969056835523133,-0.9348980083741902,0.05486284289276808,7.99839777825251,554.4964140751365,401
rainfall_frequency,LR,XGBoost,-0.8452238805970151,-0.8620566555103802,0.06483790523690773,7.99839777825251,554.4964140751365,401
rainfall_frequency,LR,CatBoost,-0.9973125023262741,-0.9611248657203401,0.03740648379052369,7.99839777825251,554.4964140751365,401
rainfall_frequency,LR,TabPFN,-0.9715948933636059,-0.9338874986955805,0.04239401496259352,7.99839777825251,553.9972075563829,401
rainfall_frequency,RF,XGBoost,0.8428516395578219,0.9656319861653467,0.9900249376558603,7.99839777825251,554.4964140751365,401
rainfall_frequency,RF,CatBoost,0.9988493318941453,0.9777896398435919,0.9825436408977556,7.99839777825251,554.4964140751365,401
rainfall_frequency,RF,TabPFN,0.9738567759705216,0.9064840591559418,0.9027431421446384,7.99839777825251,553.9972075563829,401
rainfall_frequency,XGBoost,CatBoost,0.8429458071239813,0.9483256335435567,0.972568578553616,7.99839777825251,554.4964140751365,401
rainfall_frequency,XGBoost,TabPFN,0.79826553020434,0.8982411379940543,0.8927680798004988,7.99839777825251,553.9972075563829,401
rainfall_frequency,CatBoost,TabPFN,0.9759481892284215,0.9553920972070709,0.9201995012468828,7.99839777825251,553.9972075563829,401
slope,LR,RF,-0.13404641381620577,0.37928254822481483,0.9226932668329177,0.0063469344157231,50.677097842341375,401
slope,LR,XGBoost,0.1314100941675662,0.3765749488867259,0.9226932668329177,0.0063469344157231,50.677097842341375,401
slope,LR,CatBoost,0.03839077678936986,0.2908677844901782,0.9201995012468828,0.0063469344157231,50.677097842341375,401
slope,LR,TabPFN,-0.644754903785313,-0.13246099286217464,0.9177057356608479,0.0063469344157231,49.48796794488358,401
slope,RF,XGBoost,0.6105313209513531,0.9696437962283934,1.0,0.0063469344157231,50.677097842341375,401
slope,RF,CatBoost,0.5013758514162356,0.9368251861348574,0.9975062344139651,0.0063469344157231,50.677097842341375,401
slope,RF,TabPFN,0.7475732311013511,0.796561020717502,0.9975062344139651,0.0063469344157231,49.48796794488358,401
slope,XGBoost,CatBoost,0.948980905944095,0.9830947198309806,0.9975062344139651,0.0063469344157231,50.677097842341375,401
slope,XGBoost,TabPFN,0.458172851453456,0.8161386996523824,0.9975062344139651,0.0063469344157231,49.48796794488358,401
slope,CatBoost,TabPFN,0.49855622138683153,0.8579332621320217,1.0,0.0063469344157231,49.48796794488358,401
twi,LR,RF,0.5211815610228162,0.8275685291535422,0.9875311720698254,4.888587176122318,21.368939542832727,401
twi,LR,XGBoost,0.049910484981575916,0.19281678468114577,0.5536159600997507,4.888587176122318,21.368939542832727,401
twi,LR,CatBoost,-0.4137918264041389,-0.3169106188738441,0.571072319201995,4.888587176122318,21.368939542832727,401
twi,LR,TabPFN,-0.6175244724010869,-0.6068102707646874,0.5037406483790524,4.890553472243416,21.368939542832727,401
twi,RF,XGBoost,0.6358897532288682,0.5333593992405843,0.5660847880299252,4.888587176122318,21.368939542832727,401
twi,RF,CatBoost,0.4041005694718428,0.17970912630723998,0.5685785536159601,4.888587176122318,21.368939542832727,401
twi,RF,TabPFN,0.27261007927941344,-0.09906173965321104,0.516209476309227,4.890553472243416,21.368939542832727,401
twi,XGBoost,CatBoost,0.7936492723415344,0.821747548369727,0.743142144638404,4.888587176122318,21.368939542832727,401
twi,XGBoost,TabPFN,0.4714326124986043,0.49644977680232855,0.685785536159601,4.890553472243416,21.368939542832727,401
twi,CatBoost,TabPFN,0.8430297390851231,0.8751300784804782,0.8678304239401496,4.890553472243416,21.368939542832727,401
