model,feature,n_bins,x_min,x_max,ale_min,ale_max
LR,aspect,20,3.8888744773705257,348.7707373271889,-0.024967782631895,0.0250384460089953
RF,aspect,20,3.8888744773705257,348.7707373271889,-0.0074410031743908,0.0173682133287969
XGBoost,aspect,20,3.8888744773705257,348.7707373271889,-0.009281133247175,0.0091214980173929
CatBoost,aspect,20,3.8888744773705257,348.7707373271889,-0.0071433808556046,0.0090946511105728
TabPFN,aspect,20,3.8994785149693296,348.7341051973022,-0.0046804585273493,0.0042959693450054
LR,curvature,20,-0.0179571977904598,0.0181444746238593,-0.0813095151019243,0.1009941381180122
RF,curvature,20,-0.0179571977904598,0.0181444746238593,-0.0450423737352483,0.0380076373449457
XGBoost,curvature,20,-0.0179571977904598,0.0181444746238593,-0.0362533884878403,0.0407320832543872
CatBoost,curvature,20,-0.0179571977904598,0.0181444746238593,-0.0299363282990534,0.0358678280603209
TabPFN,curvature,20,-0.0179673833429975,0.0181323538163395,-0.0107857434568328,0.0128348094537847
LR,distdrainage,19,15.042176580095829,5947.5818659016695,-0.0062400631288654,0.062608760910225
RF,distdrainage,19,15.042176580095829,5947.5818659016695,-0.034934210396857,0.0161900400073848
XGBoost,distdrainage,19,15.042176580095829,5947.5818659016695,-0.037250488040199,0.0214030942128286
CatBoost,distdrainage,19,15.042176580095829,5947.5818659016695,-0.0361365060790549,0.0185095218557708
TabPFN,distdrainage,19,15.042176580095829,5951.016693624684,-0.0140232208502733,0.006091084569574
LR,distriver,20,298.5451826532792,172495.14160588395,-0.2909177481814317,0.1103621023156526
RF,distriver,20,298.5451826532792,172495.14160588395,-0.0847547974675211,0.1361631925417295
XGBoost,distriver,20,298.5451826532792,172495.14160588395,-0.1055492261833351,0.1372459499191342
CatBoost,distriver,20,298.5451826532792,172495.14160588395,-0.0946199178237585,0.1382397244682859
TabPFN,distriver,20,298.5451826532792,172650.91821726126,-0.0243261674250871,0.0363599977494331
LR,distroads,20,29.79064302499466,54406.65135654775,-0.2035251952320333,0.0347690608573264
RF,distroads,20,29.79064302499466,54406.65135654775,-0.0271628753460988,0.0214543809223391
XGBoost,distroads,20,29.79064302499466,54406.65135654775,-0.0302524534690783,0.023233528030077
CatBoost,distroads,20,29.79064302499466,54406.65135654775,-0.0348414643306378,0.020811090983188
TabPFN,distroads,20,29.79064302499466,54325.17394787441,-0.0167099205215388,0.00903775940057
LR,elevation,20,3.326440777614039,5681.037921210547,-0.1183347064598696,0.0285663893009854
RF,elevation,20,3.326440777614039,5681.037921210547,-0.1656946379410137,0.249393239895212
XGBoost,elevation,20,3.326440777614039,5681.037921210547,-0.1671902502909125,0.2552653049344994
CatBoost,elevation,20,3.326440777614039,5681.037921210547,-0.1666037348434388,0.2714379615010901
TabPFN,elevation,20,3.326440777614039,5661.327598862242,-0.600888483664701,0.7229670964107805
LR,ndvi,20,-0.4919583727530747,0.7194433423871578,-0.0210268720793668,0.0223104829040457
RF,ndvi,20,-0.4919583727530747,0.7194433423871578,-0.0487547066316949,0.1166725575341448
XGBoost,ndvi,20,-0.4919583727530747,0.7194433423871578,-0.0459929285218802,0.0908894779761147
CatBoost,ndvi,20,-0.4919583727530747,0.7194433423871578,-0.0439408360027027,0.089382081004975
TabPFN,ndvi,20,-0.4244521927549058,0.6715903195287942,-0.0345946890914687,0.0298242980847792
LR,rainfall_frequency,20,7.99839777825251,554.4964140751365,-0.009181849895279,0.0026571785589926
RF,rainfall_frequency,20,7.99839777825251,554.4964140751365,-0.0340462385724955,0.0368411006701336
XGBoost,rainfall_frequency,20,7.99839777825251,554.4964140751365,-0.0444935716107657,0.0509852321809608
CatBoost,rainfall_frequency,20,7.99839777825251,554.4964140751365,-0.0309014668405254,0.0637195616087147
TabPFN,rainfall_frequency,20,7.499191259498886,553.9972075563829,-0.0625710261061215,0.1668428579974749
LR,slope,20,0.0063469344157231,50.677097842341375,-0.0507681786218295,0.0092963774231697
RF,slope,20,0.0063469344157231,50.677097842341375,-0.1475353151112179,0.1376501700081913
XGBoost,slope,20,0.0063469344157231,50.677097842341375,-0.1344556062714438,0.151247170891119
CatBoost,slope,20,0.0063469344157231,50.677097842341375,-0.1384501145773332,0.1583256145607746
TabPFN,slope,20,0.0050775475325785,49.48796794488358,-0.0171981678092318,0.0325630649332757
LR,twi,20,4.888587176122318,21.368939542832727,-0.2585901699380635,0.327768194808838
RF,twi,20,4.888587176122318,21.368939542832727,-0.0508716953046186,0.0430393957790537
XGBoost,twi,20,4.888587176122318,21.368939542832727,-0.0202340825113418,0.0200193705943462
CatBoost,twi,20,4.888587176122318,21.368939542832727,-0.0157212032551672,0.0121378708549081
TabPFN,twi,20,4.890553472243416,21.381409665974918,-0.0207927110127688,0.0045949811593372
