feature,reference_model,comparison_model,same_bin_count,same_bin_values,reference_n_bins,comparison_n_bins
aspect,LR,RF,True,True,20,20
aspect,LR,XGBoost,True,True,20,20
aspect,LR,CatBoost,True,True,20,20
curvature,LR,RF,True,True,20,20
curvature,LR,XGBoost,True,True,20,20
curvature,LR,CatBoost,True,True,20,20
distdrainage,LR,RF,True,True,19,19
distdrainage,LR,XGBoost,True,True,19,19
distdrainage,LR,CatBoost,True,True,19,19
distriver,LR,RF,True,True,20,20
distriver,LR,XGBoost,True,True,20,20
distriver,LR,CatBoost,True,True,20,20
distroads,LR,RF,True,True,20,20
distroads,LR,XGBoost,True,True,20,20
distroads,LR,CatBoost,True,True,20,20
elevation,LR,RF,True,True,20,20
elevation,LR,XGBoost,True,True,20,20
elevation,LR,CatBoost,True,True,20,20
ndvi,LR,RF,True,True,20,20
ndvi,LR,XGBoost,True,True,20,20
ndvi,LR,CatBoost,True,True,20,20
rainfall_frequency,LR,RF,True,True,20,20
rainfall_frequency,LR,XGBoost,True,True,20,20
rainfall_frequency,LR,CatBoost,True,True,20,20
slope,LR,RF,True,True,20,20
slope,LR,XGBoost,True,True,20,20
slope,LR,CatBoost,True,True,20,20
twi,LR,RF,True,True,20,20
twi,LR,XGBoost,True,True,20,20
twi,LR,CatBoost,True,True,20,20
