model,class_label,class_name,precision,recall,f1,support
LR,0,Non-flooded,0.841539733144409,0.7127,0.7717797390221453,10000
LR,1,Flooded,0.7508455467869222,0.8658,0.8042357531001811,10000
RF,0,Non-flooded,0.8652400835073069,0.8289,0.8466802860061287,10000
RF,1,Flooded,0.8357965451055662,0.8709,0.8529872673849167,10000
XGBoost,0,Non-flooded,0.8562941718733996,0.836,0.8460254010018722,10000
XGBoost,1,Flooded,0.8397968154732832,0.8597,0.8496318624302021,10000
CatBoost,0,Non-flooded,0.8658931744538518,0.8284,0.8467317422190422,10000
CatBoost,1,Flooded,0.8355219016582,0.8717,0.8532276219840454,10000
TabPFN,0,Non-flooded,0.7842147222960404,0.8853,0.8316971205787026,10000
TabPFN,1,Flooded,0.8683274021352313,0.7564,0.8085083640639196,10000
