model,fold,existing_auc,new_auc,absolute_difference,n_validation
LR,1,0.8612747843039654,0.8612747843039654,0.0,3928
LR,2,0.8474458764673425,0.8474458764673425,0.0,3940
LR,3,0.8607165008547202,0.8607165008547202,0.0,4049
LR,4,0.8530042488303653,0.8530042488303653,0.0,4082
LR,5,0.7751148284944597,0.7751148284944597,0.0,4001
RF,1,0.9233100786046126,0.9233102082296334,1.2962502082825011e-07,3928
RF,2,0.92776952618504,0.92776965504906,1.2886401989931073e-07,3940
RF,3,0.9267901663519924,0.9267900443536994,1.2199829302339538e-07,4049
RF,4,0.9175523097778792,0.9175523097778793,1.1102230246251565e-16,4082
RF,5,0.8829137949130603,0.8829137949130602,1.1102230246251565e-16,4001
XGBoost,1,0.924888263232122,0.924888263232122,0.0,3928
XGBoost,2,0.9265384882034008,0.9265384882034009,1.1102230246251565e-16,3940
XGBoost,3,0.9250166771666531,0.9250166771666531,0.0,4049
XGBoost,4,0.9161245500966604,0.9161245500966604,0.0,4082
XGBoost,5,0.886702135635068,0.886702135635068,0.0,4001
CatBoost,1,0.9264385784801724,0.9264385784801725,1.1102230246251565e-16,3928
CatBoost,2,0.9283745427582416,0.9283745427582417,1.1102230246251565e-16,3940
CatBoost,3,0.928144469402584,0.9281444694025841,1.1102230246251565e-16,4049
CatBoost,4,0.9173219717511236,0.9173219717511235,1.1102230246251565e-16,4082
CatBoost,5,0.888362962999985,0.888362962999985,0.0,4001
