bootstrap_iteration,roc_auc
1,0.9561500945179583
2,0.9540100189035916
3,0.9484578449905482
4,0.9456544423440455
5,0.9524015122873345
6,0.9552646502835539
7,0.9497262759924385
8,0.9537958412098297
9,0.9516540642722117
10,0.9543941398865785
11,0.9509765595463137
12,0.9515935727788278
13,0.9588277882797731
14,0.9547275992438563
15,0.9562395085066162
16,0.9555124763705105
17,0.9567941398865785
18,0.9535750472589792
19,0.9538083175803403
20,0.9571472589792059
21,0.9560754253308128
22,0.9548412098298678
23,0.9552136105860113
24,0.952391304347826
25,0.9506761814744803
26,0.9470156899810962
27,0.954038752362949
28,0.9525336483931948
29,0.9513398865784499
30,0.9525011342155009
31,0.9531896030245748
32,0.9516232514177694
33,0.9534202268431002
34,0.9548750472589791
35,0.9521595463137997
36,0.9565714555765594
37,0.9516245746691872
38,0.9478260869565218
39,0.9523570888468809
40,0.9531620037807184
41,0.9471119092627598
42,0.9520531190926277
43,0.956145179584121
44,0.9551378071833648
45,0.9469754253308128
46,0.9531283553875236
47,0.9458950850661625
48,0.952446313799622
49,0.9543296786389414
50,0.9538595463137997
51,0.9522844990548204
52,0.9560614366729678
53,0.9527122873345935
54,0.9542752362948961
55,0.953425897920605
56,0.9546275992438562
57,0.9519913043478261
58,0.9500139886578451
59,0.9502894139886578
60,0.9533434782608694
61,0.9521240075614367
62,0.9494826086956522
63,0.9529136105860114
64,0.9519440453686201
65,0.9510606805293006
66,0.9491695652173913
67,0.9557362948960302
68,0.9544425330812856
69,0.9558069943289225
70,0.9560854442344046
71,0.9567175803402647
72,0.9523975425330812
73,0.9470345935727787
74,0.9499703213610586
75,0.950895652173913
76,0.9504967863894139
77,0.9449674858223063
78,0.9549837429111531
79,0.9498440453686201
80,0.9544869565217391
81,0.9517073724007563
82,0.9510822306238187
83,0.9536264650283554
84,0.9477013232514176
85,0.9500274102079396
86,0.9503277882797732
87,0.9510109640831758
88,0.9480355387523629
89,0.9521238185255199
90,0.9531797731568998
91,0.9544172022684309
92,0.9529502835538752
93,0.9510988657844991
94,0.9524060491493385
95,0.949431190926276
96,0.9504327032136107
97,0.9564383742911153
98,0.9518565217391304
99,0.9517841209829867
100,0.9501625708884689
101,0.9527546313799623
102,0.9502799621928166
103,0.9514109640831757
104,0.956981663516068
105,0.954982797731569
106,0.9500243856332704
107,0.954921550094518
108,0.9528158790170131
109,0.9570417769376182
110,0.9501413988657845
111,0.9528219281663516
112,0.9502786389413989
113,0.947913988657845
114,0.9566448015122875
115,0.9503124763705104
116,0.9539304347826086
117,0.9510933837429112
118,0.9474731568998108
119,0.956578449905482
120,0.9510187145557656
121,0.9554094517958411
122,0.9547200378071834
123,0.9524291115311909
124,0.9535281663516069
125,0.9501943289224954
126,0.9584400756143666
127,0.9560688090737242
128,0.9531672967863895
129,0.9486918714555765
130,0.9520374291115312
131,0.9500298676748582
132,0.9516574669187146
133,0.9467620037807184
134,0.9522550094517958
135,0.9509224952741022
136,0.951449338374291
137,0.9567319470699434
138,0.9492162570888468
139,0.9509767485822307
140,0.9508933837429112
141,0.9488372400756144
142,0.9534491493383743
143,0.9500888468809073
144,0.9523926275992438
145,0.9505975425330812
146,0.9467410207939507
147,0.9539136105860113
148,0.9551245746691872
149,0.9540381852551985
150,0.9466192816635159
151,0.9539822306238185
152,0.9528931947069943
153,0.9570028355387523
154,0.9503567107750474
155,0.9572994328922495
156,0.9543771266540643
157,0.9486788279773157
158,0.9567710775047259
159,0.9525716446124763
160,0.9477393194706994
161,0.950136483931947
162,0.9447228733459359
163,0.9560542533081285
164,0.9505716446124763
165,0.9531338374291116
166,0.9488911153119092
167,0.9507765595463138
168,0.9474727788279774
169,0.9539228733459357
170,0.9584568998109639
171,0.9489646502835539
172,0.951612854442344
173,0.950364461247637
174,0.955788279773157
175,0.9546034026465029
176,0.9619026465028355
177,0.9498262759924385
178,0.9604565217391304
179,0.9525425330812854
180,0.9498920604914933
181,0.9509347826086957
182,0.9527756143667296
183,0.9525799621928166
184,0.9543865784499056
185,0.9510759924385633
186,0.9520565217391304
187,0.9505631379962193
188,0.9528081285444234
189,0.9562077504725898
190,0.9588013232514179
191,0.9546413988657845
192,0.9500971644612477
193,0.9557289224952741
194,0.9484357277882798
195,0.94758393194707
196,0.9509669187145559
197,0.9552531190926276
198,0.9577249527410208
199,0.955746313799622
200,0.9455485822306239
201,0.953981663516068
202,0.9540359168241965
203,0.9552207939508509
204,0.9539234404536863
205,0.9464667296786391
206,0.9530886578449904
207,0.94877202268431
208,0.9524266540642723
209,0.9507351606805292
210,0.9516189035916824
211,0.9534646502835539
212,0.9515393194706995
213,0.9487423440453685
214,0.9541737240075614
215,0.9530890359168241
216,0.9550886578449906
217,0.9520724007561436
218,0.9553676748582229
219,0.9541682419659736
220,0.9512671077504726
221,0.955406427221172
222,0.9525362948960302
223,0.9494994328922495
224,0.9513708884688091
225,0.9532888468809073
226,0.9512589792060491
227,0.9513578449905482
228,0.9477905482041589
229,0.9513170132325142
230,0.9562880907372401
231,0.9559128544423441
232,0.9520706994328922
233,0.949349527410208
234,0.9497655954631381
235,0.9490824196597354
236,0.9520933837429112
237,0.9519886578449905
238,0.9519277882797731
239,0.9505880907372402
240,0.9510470699432892
241,0.9509022684310017
242,0.9403603024574669
243,0.9545202268431002
244,0.9520283553875237
245,0.9456962192816635
246,0.9502502835538751
247,0.9522100189035916
248,0.9528911153119093
249,0.9536661625708884
250,0.9511300567107751
251,0.9519206049149338
252,0.954627032136106
253,0.9506986767485822
254,0.9545051039697541
255,0.9515544423440453
256,0.9516347826086956
257,0.9517249527410208
258,0.9516998109640832
259,0.9522289224952741
260,0.9510765595463139
261,0.9508013232514178
262,0.9492345935727787
263,0.9556204158790169
264,0.9539672967863894
265,0.9525971644612475
266,0.9546939508506617
267,0.9549735349716447
268,0.9530739130434782
269,0.9519035916824196
270,0.9493888468809073
271,0.951819281663516
272,0.9488826086956522
273,0.946276559546314
274,0.954851606805293
275,0.9473487712665406
276,0.9532737240075615
277,0.9512251417769375
278,0.9484897920604916
279,0.9561291115311908
280,0.9530489603024574
281,0.9481003780718338
282,0.9593109640831758
283,0.9520438563327033
284,0.9539362948960303
285,0.9534228733459357
286,0.9525500945179584
287,0.9497937618147448
288,0.9543022684310019
289,0.9501073724007562
290,0.9515156899810964
291,0.9523162570888469
292,0.9473147448015122
293,0.9481916824196597
294,0.9520862003780718
295,0.9588584120982987
296,0.9460372400756143
297,0.9580971644612476
298,0.9490446124763705
299,0.9511054820415878
300,0.9455423440453685
301,0.9496037807183364
302,0.9496591682419661
303,0.9500206049149339
304,0.952141965973535
305,0.947807561436673
306,0.9515069943289226
307,0.9518432892249526
308,0.9515863894139887
309,0.9526137996219282
310,0.9523510396975425
311,0.9540945179584122
312,0.9546164461247637
313,0.9549748582230624
314,0.9482296786389415
315,0.9543022684310019
316,0.9551803402646503
317,0.954602268431002
318,0.9480691871455575
319,0.9554661625708886
320,0.9466584120982986
321,0.9511930056710776
322,0.9498555765595462
323,0.9552051039697542
324,0.9542313799621928
325,0.9520026465028356
326,0.9533319470699433
327,0.9522954631379962
328,0.9521606805293006
329,0.9548508506616257
330,0.9461852551984876
331,0.9432113421550095
332,0.9501355387523629
333,0.9538119092627598
334,0.9579797731568997
335,0.9551578449905482
336,0.949779395085066
337,0.9522782608695652
338,0.955349527410208
339,0.9529627599243856
340,0.9481194706994328
341,0.9512313799621928
342,0.9520512287334593
343,0.9572
344,0.9536593572778829
345,0.9569190926275992
346,0.9540372400756144
347,0.9495758034026465
348,0.9515922495274102
349,0.9478272211720227
350,0.954141776937618
351,0.952509640831758
352,0.9524741020793952
353,0.9568139886578451
354,0.9513472589792062
355,0.9501769376181475
356,0.951631190926276
357,0.9502986767485823
358,0.9469136105860112
359,0.9579941398865786
360,0.9553274102079394
361,0.9506206049149338
362,0.9539822306238187
363,0.9528015122873347
364,0.9513506616257089
365,0.953865595463138
366,0.9581234404536861
367,0.9536066162570889
368,0.9506209829867676
369,0.9465950850661625
370,0.9555
371,0.9523058601134214
372,0.952766729678639
373,0.9483206049149338
374,0.954584877126654
375,0.9515504725897921
376,0.9569389413988658
377,0.9527733459357278
378,0.9481113421550095
379,0.9589724007561438
380,0.9544684310018905
381,0.9501043478260871
382,0.9533771266540643
383,0.9522788279773157
384,0.9537117202268431
385,0.9555775047258979
386,0.9505827977315691
387,0.9535141776937618
388,0.9471245746691872
389,0.9559574669187146
390,0.9541126654064274
391,0.955776370510397
392,0.9504555765595464
393,0.951103213610586
394,0.9552045368620038
395,0.9468907372400756
396,0.9486790170132327
397,0.9561646502835538
398,0.9549378071833649
399,0.9527854442344045
400,0.9516948960302458
401,0.9513693761814747
402,0.9547725897920605
403,0.9505533081285444
404,0.9478413988657846
405,0.9513052930056711
406,0.9512198487712665
407,0.9497512287334594
408,0.9530799621928167
409,0.9545098298676749
410,0.9545109640831758
411,0.9579287334593573
412,0.9518143667296786
413,0.9497657844990549
414,0.9510742911153119
415,0.9501385633270322
416,0.954167674858223
417,0.9544361058601135
418,0.9538052930056711
419,0.9514391304347827
420,0.9498998109640832
421,0.9583068052930057
422,0.9575364839319471
423,0.9508896030245746
424,0.9524809073724008
425,0.951955765595463
426,0.9530973534971645
427,0.9476497164461246
428,0.9529863894139886
429,0.9517049149338374
430,0.9474257088846881
431,0.9514113421550094
432,0.95411190926276
433,0.9511319470699433
434,0.9491058601134216
435,0.9520875236294897
436,0.9530714555765595
437,0.9562444234404537
438,0.9509482041587901
439,0.9551415879017013
440,0.9568296786389414
441,0.9518179584120984
442,0.9557302457466919
443,0.9480551984877127
444,0.9519637051039699
445,0.9580039697542534
446,0.9558984877126655
447,0.9536729678638941
448,0.9583865784499055
449,0.9511434782608696
450,0.9548260869565218
451,0.956926843100189
452,0.9525775047258979
453,0.9529875236294895
454,0.9517733459357278
455,0.9485606805293006
456,0.949045179584121
457,0.9494589792060492
458,0.9528325141776938
459,0.9535654064272213
460,0.9521079395085066
461,0.954973156899811
462,0.9533563327032136
463,0.9528137996219281
464,0.952599054820416
465,0.9476597353497166
466,0.955065784499055
467,0.9582771266540643
468,0.9500754253308129
469,0.9552075614366728
470,0.9560279773156899
471,0.9476644612476371
472,0.949365595463138
473,0.9504663516068053
474,0.951870888468809
475,0.949136672967864
476,0.950525708884688
477,0.9499126654064272
478,0.953447258979206
479,0.9504954631379962
480,0.9552580340264651
481,0.9556964083175804
482,0.9558453686200378
483,0.9553202268431001
484,0.9550502835538752
485,0.9487833648393195
486,0.9515054820415878
487,0.9548950850661625
488,0.9541540642722117
489,0.9552867674858223
490,0.9555930056710775
491,0.9576149338374291
492,0.9522508506616257
493,0.9573731568998111
494,0.9488126654064273
495,0.9499230623818525
496,0.9509298676748583
497,0.949567674858223
498,0.9494697542533082
499,0.9579640831758034
500,0.945182797731569
501,0.9566818525519849
502,0.95072797731569
503,0.9528582230623819
504,0.9500090737240076
505,0.9507714555765595
506,0.9521652173913043
507,0.9499550094517959
508,0.9476073724007561
509,0.9534206049149339
510,0.9584383742911153
511,0.9470374291115311
512,0.9498894139886579
513,0.9604858223062381
514,0.9498400756143668
515,0.9481988657844991
516,0.9505956521739131
517,0.9531858223062382
518,0.9543141776937618
519,0.9550364839319471
520,0.9572313799621928
521,0.9488899810964084
522,0.9573421550094519
523,0.9547801512287335
524,0.9526521739130434
525,0.9483986767485824
526,0.953852741020794
527,0.9544674858223061
528,0.9561005671077505
529,0.950749527410208
530,0.9529727788279774
531,0.9564553875236295
532,0.9526979206049149
533,0.9515952741020793
534,0.9478166351606805
535,0.9587523629489603
536,0.9565381852551985
537,0.9510684310018904
538,0.9529402646502836
539,0.9520561436672967
540,0.9534330812854442
541,0.9548001890359168
542,0.9495589792060491
543,0.956446313799622
544,0.9503359168241967
545,0.9560200378071833
546,0.9545731568998109
547,0.9488228733459358
548,0.9591926275992438
549,0.9475557655954631
550,0.9511981096408318
551,0.954666729678639
552,0.9571981096408317
553,0.9532540642722117
554,0.9534574669187146
555,0.9526308128544423
556,0.9507795841209831
557,0.9507406427221172
558,0.9502937618147447
559,0.9458179584120983
560,0.95726011342155
561,0.950427788279773
562,0.9452718336483931
563,0.9531257088846881
564,0.9528260869565218
565,0.954418336483932
566,0.953319281663516
567,0.9512629489603024
568,0.9559990548204159
569,0.9507801512287335
570,0.9473638941398865
571,0.9542629489603025
572,0.9517996219281665
573,0.949864461247637
574,0.9514784499054821
575,0.9497778827977316
576,0.9538119092627598
577,0.9540136105860112
578,0.9508310018903592
579,0.949201134215501
580,0.9553034026465028
581,0.9530404536862004
582,0.9518818525519849
583,0.9463158790170132
584,0.9476909262759924
585,0.9578381852551985
586,0.9465572778827978
587,0.9462083175803403
588,0.9502143667296786
589,0.9536705103969754
590,0.9548009451795841
591,0.9518531190926276
592,0.9514315689981098
593,0.9524952741020793
594,0.9570451795841212
595,0.9536266540642722
596,0.9545030245746693
597,0.9542689981096407
598,0.9526858223062381
599,0.9542315689981096
600,0.9520260869565218
601,0.9551274102079396
602,0.9514120982986768
603,0.9540517958412099
604,0.9513555765595463
605,0.955981663516068
606,0.9525310018903592
607,0.9533812854442344
608,0.9494253308128545
609,0.9589215500945178
610,0.9540425330812855
611,0.9531434782608695
612,0.9522499054820416
613,0.9494153119092628
614,0.9539468809073723
615,0.9526234404536862
616,0.9525843100189035
617,0.9568672967863895
618,0.948659168241966
619,0.9538465028355387
620,0.9470555765595463
621,0.9557682419659733
622,0.9497361058601135
623,0.9513251417769377
624,0.9451223062381854
625,0.9417224952741021
626,0.9527111531190926
627,0.9526034026465028
628,0.9538230623818527
629,0.95391606805293
630,0.949050661625709
631,0.9520137996219282
632,0.9455733459357278
633,0.9559718336483931
634,0.9515400756143667
635,0.94873213610586
636,0.9521332703213611
637,0.9515516068052929
638,0.9495691871455576
639,0.9541085066162572
640,0.9531799621928166
641,0.9545455576559546
642,0.9550308128544424
643,0.9575916824196598
644,0.9561517958412098
645,0.9541926275992438
646,0.9565217391304347
647,0.9533854442344044
648,0.9566771266540642
649,0.9500311909262761
650,0.9497368620037808
651,0.950753875236295
652,0.9458291115311909
653,0.957452551984877
654,0.947107561436673
655,0.9514771266540644
656,0.9514620037807184
657,0.9488098298676748
658,0.9519797731568997
659,0.9525877126654065
660,0.9514610586011343
661,0.9515396975425331
662,0.9523570888468809
663,0.9516081285444236
664,0.9581843100189036
665,0.952899054820416
666,0.9539633270321362
667,0.9495145557655954
668,0.9515413988657846
669,0.9548793950850661
670,0.9541697542533081
671,0.9484461247637052
672,0.9528621928166351
673,0.9513737240075614
674,0.9507018903591682
675,0.9590710775047259
676,0.9555916824196596
677,0.96131606805293
678,0.9526646502835538
679,0.9489661625708885
680,0.9571497164461248
681,0.954391304347826
682,0.9488204158790171
683,0.9553211720226844
684,0.9536655954631379
685,0.9532219281663517
686,0.9521442344045368
687,0.9512958412098298
688,0.9521928166351608
689,0.9524085066162571
690,0.9545406427221172
691,0.9532453686200378
692,0.9462667296786389
693,0.95284404536862
694,0.9523196597353497
695,0.954333459357278
696,0.9532816635160679
697,0.9554013232514178
698,0.9538219281663516
699,0.9535349716446125
700,0.9442875236294896
701,0.9515833648393195
702,0.9536659735349716
703,0.9471459357277883
704,0.9596716446124763
705,0.9502776937618147
706,0.9500342155009452
707,0.9532741020793951
708,0.9478436672967863
709,0.9573482041587902
710,0.945676370510397
711,0.9528109640831759
712,0.949774291115312
713,0.9545871455576559
714,0.954786011342155
715,0.955039697542533
716,0.9501446124763705
717,0.9491775047258979
718,0.9512249527410208
719,0.9477792060491493
720,0.9597446124763706
721,0.948379584120983
722,0.9546045368620037
723,0.9457079395085066
724,0.9565888468809074
725,0.9533168241965974
726,0.9592992438563327
727,0.9475561436672968
728,0.9508398865784499
729,0.9502519848771267
730,0.9519725897920606
731,0.9512039697542534
732,0.9505007561436674
733,0.9524589792060492
734,0.9533943289224953
735,0.9515795841209831
736,0.9472780718336484
737,0.9486627599243855
738,0.9550060491493384
739,0.9533257088846881
740,0.9521094517958413
741,0.9560775047258979
742,0.9535604914933837
743,0.9593378071833648
744,0.9520873345935728
745,0.9582803402646504
746,0.9491393194706995
747,0.9555472589792059
748,0.956511720226843
749,0.9523028355387524
750,0.955567674858223
751,0.9472402646502835
752,0.9489984877126654
753,0.9484500945179585
754,0.9512332703213612
755,0.950892438563327
756,0.9571984877126654
757,0.9526937618147447
758,0.9549175803402647
759,0.9538349716446125
760,0.95436011342155
761,0.9478907372400758
762,0.9590192816635161
763,0.9518769376181475
764,0.9538657844990547
765,0.9512270321361058
766,0.9560459357277882
767,0.9505750472589793
768,0.9518731568998109
769,0.947081852551985
770,0.953285066162571
771,0.955108695652174
772,0.951228922495274
773,0.954378638941399
774,0.9532604914933838
775,0.9537689981096409
776,0.9516196597353498
777,0.9557691871455577
778,0.9492920604914934
779,0.9544465028355387
780,0.9564746691871455
781,0.952987145557656
782,0.9506111531190925
783,0.9507584120982986
784,0.9533238185255198
785,0.9503317580340266
786,0.9602379962192817
787,0.9520905482041587
788,0.9525701323251418
789,0.9566584120982987
790,0.9530979206049148
791,0.9524890359168243
792,0.9560542533081284
793,0.9494848771266541
794,0.949219470699433
795,0.9465869565217391
796,0.9526328922495273
797,0.9456652173913043
798,0.9525913043478261
799,0.9550168241965973
800,0.9468444234404537
801,0.9499941398865784
802,0.9555096408317582
803,0.9471255198487712
804,0.9505608695652173
805,0.9460393194706995
806,0.9543258979206048
807,0.9514213610586012
808,0.9564733459357279
809,0.9523710775047258
810,0.950281663516068
811,0.9538041587901701
812,0.9572595463137997
813,0.952208695652174
814,0.94451190926276
815,0.9510489603024574
816,0.9523022684310019
817,0.9537676748582229
818,0.9516822306238185
819,0.9467274102079396
820,0.952307561436673
821,0.955959168241966
822,0.9546814744801514
823,0.9555153119092628
824,0.9560194706994328
825,0.9521922495274101
826,0.9489724007561436
827,0.948641965973535
828,0.951598865784499
829,0.9441521739130434
830,0.9509618147448015
831,0.944391304347826
832,0.9520383742911154
833,0.9486793950850662
834,0.9478120982986767
835,0.9501654064272211
836,0.9492767485822307
837,0.9532979206049148
838,0.9548550094517959
839,0.9530294896030246
840,0.9500608695652174
841,0.9513491493383742
842,0.9493396975425332
843,0.9508071833648393
844,0.9532071833648394
845,0.9495113421550094
846,0.9473173913043479
847,0.9516809073724007
848,0.9522763705103969
849,0.954433459357278
850,0.951895652173913
851,0.9516183364839319
852,0.9558988657844991
853,0.9479066162570888
854,0.9474986767485821
855,0.9492784499054822
856,0.9485206049149337
857,0.954353875236295
858,0.951443100189036
859,0.9519372400756143
860,0.9521260869565219
861,0.9570281663516068
862,0.950120604914934
863,0.9474221172022684
864,0.95363988657845
865,0.9466368620037808
866,0.9569245746691871
867,0.950101134215501
868,0.9498253308128544
869,0.9553275992438564
870,0.946945179584121
871,0.9517960302457467
872,0.9514366729678639
873,0.9525903591682419
874,0.9544385633270323
875,0.9572415879017013
876,0.9552778827977315
877,0.9455964083175804
878,0.9547973534971645
879,0.9487266540642723
880,0.9463759924385634
881,0.9511924385633269
882,0.9494389413988658
883,0.9510563327032135
884,0.9464111531190926
885,0.947154820415879
886,0.9515472589792061
887,0.9513512287334595
888,0.9495085066162572
889,0.9534597353497164
890,0.9495742911153119
891,0.9549302457466919
892,0.9501652173913042
893,0.9542657844990547
894,0.9522896030245747
895,0.9516913043478262
896,0.9526669187145558
897,0.9519551984877126
898,0.9571060491493384
899,0.9545240075614367
900,0.9468088846880908
901,0.9526937618147447
902,0.9536597353497165
903,0.9520364839319472
904,0.9531323251417769
905,0.954450472589792
906,0.9553918714555765
907,0.9459090737240077
908,0.959346124763705
909,0.9501153119092628
910,0.9531189035916824
911,0.952308695652174
912,0.94977202268431
913,0.9522574669187146
914,0.9517769376181474
915,0.9518459357277882
916,0.9551440453686201
917,0.9497493383742912
918,0.9545200378071834
919,0.9510143667296787
920,0.9505820415879016
921,0.9461536862003781
922,0.9511896030245748
923,0.9552574669187146
924,0.951792438563327
925,0.9496395085066162
926,0.9531156899810964
927,0.9532213610586012
928,0.9516561436672967
929,0.9555026465028356
930,0.9503017013232514
931,0.9543094517958413
932,0.9527797731568998
933,0.9524308128544423
934,0.9497950850661626
935,0.9513807183364841
936,0.9527737240075614
937,0.9501389413988658
938,0.9510754253308128
939,0.9468421550094518
940,0.9541115311909263
941,0.9580062381852553
942,0.9501406427221172
943,0.9505466918714556
944,0.9540117202268431
945,0.9541277882797732
946,0.952399054820416
947,0.9508400756143667
948,0.9501517958412098
949,0.9518705103969753
950,0.9528604914933838
951,0.9511357277882797
952,0.9553164461247636
953,0.9521427221172023
954,0.9545173913043479
955,0.9517973534971644
956,0.9515349716446124
957,0.9555189035916823
958,0.9526689981096409
959,0.9529557655954631
960,0.9540988657844992
961,0.9551139886578449
962,0.9558268431001891
963,0.9475236294896029
964,0.9495221172022685
965,0.9560950850661627
966,0.9535916824196597
967,0.9495686200378073
968,0.9530255198487712
969,0.9520262759924386
970,0.9521778827977315
971,0.953685066162571
972,0.9501827977315691
973,0.9568470699432893
974,0.955688279773157
975,0.9511909262759924
976,0.9512151228733461
977,0.948753686200378
978,0.9481395085066162
979,0.9536293005671077
980,0.9473561436672968
981,0.9521529300567108
982,0.9538531190926277
983,0.9544650283553876
984,0.9543162570888467
985,0.9519088846880908
986,0.9547916824196597
987,0.9502270321361059
988,0.9517423440453687
989,0.9552982986767486
990,0.9590962192816634
991,0.9538663516068052
992,0.9509209829867674
993,0.951917202268431
994,0.95744404536862
995,0.952774102079395
996,0.9525725897920605
997,0.9455525519848771
998,0.9479398865784499
999,0.9512264650283554
1000,0.9573400756143666
1001,0.9522888468809075
1002,0.9485013232514178
1003,0.9541589792060491
1004,0.9519945179584122
1005,0.9570629489603025
1006,0.9501705103969756
1007,0.94774404536862
1008,0.9467421550094518
1009,0.9525888468809073
1010,0.95031190926276
1011,0.950192438563327
1012,0.9511005671077506
1013,0.9510844990548205
1014,0.9544453686200378
1015,0.9537631379962193
1016,0.953234593572779
1017,0.9576833648393195
1018,0.9551230623818526
1019,0.9512417769376182
1020,0.9524240075614366
1021,0.9539930056710776
1022,0.9518682419659736
1023,0.9520512287334595
1024,0.9556415879017014
1025,0.9470790170132326
1026,0.9529151228733459
1027,0.9526060491493382
1028,0.9557024574669187
1029,0.953194706994329
1030,0.9567610586011341
1031,0.9494862003780719
1032,0.9544153119092628
1033,0.9559315689981096
1034,0.9522833648393194
1035,0.947906427221172
1036,0.9499918714555766
1037,0.9511432892249528
1038,0.9525540642722118
1039,0.9487561436672968
1040,0.9568145557655955
1041,0.9480345935727787
1042,0.9557170132325141
1043,0.9494722117202269
1044,0.9497383742911153
1045,0.9524260869565218
1046,0.9551353497164461
1047,0.9523189035916824
1048,0.9545625708884689
1049,0.9488578449905483
1050,0.9479075614366729
1051,0.9544544423440453
1052,0.9525134215500946
1053,0.9537640831758034
1054,0.9505158790170132
1055,0.9567506616257089
1056,0.9537977315689982
1057,0.947388279773157
1058,0.954974291115312
1059,0.9488557655954631
1060,0.9479971644612477
1061,0.9492792060491493
1062,0.9482735349716446
1063,0.9527672967863894
1064,0.9546359168241966
1065,0.9505820415879018
1066,0.9551117202268432
1067,0.95178809073724
1068,0.951838752362949
1069,0.9542030245746692
1070,0.9531992438563326
1071,0.9518901701323251
1072,0.9437200378071833
1073,0.9466869565217391
1074,0.9565523629489603
1075,0.9489965973534972
1076,0.9448553875236295
1077,0.9519461247637051
1078,0.9503767485822306
1079,0.9522328922495275
1080,0.954149527410208
1081,0.9541357277882797
1082,0.9516708884688091
1083,0.9554083175803403
1084,0.9512567107750474
1085,0.9500245746691872
1086,0.9489809073724008
1087,0.9501398865784499
1088,0.9512264650283553
1089,0.9508043478260869
1090,0.9528056710775048
1091,0.9481385633270321
1092,0.9549134215500945
1093,0.9570877126654065
1094,0.9514431001890359
1095,0.9532340264650284
1096,0.9578875236294895
1097,0.9540688090737239
1098,0.9546512287334594
1099,0.9549786389413989
1100,0.9507570888468809
1101,0.9548706994328923
1102,0.9508733459357278
1103,0.9528202268431002
1104,0.9517546313799623
1105,0.9530251417769378
1106,0.9519767485822307
1107,0.9562986767485824
1108,0.9512223062381853
1109,0.9563255198487712
1110,0.9561468809073725
1111,0.9531926275992438
1112,0.9526931947069944
1113,0.9493181474480152
1114,0.9520489603024574
1115,0.9447396975425331
1116,0.9508943289224953
1117,0.9526345935727788
1118,0.9505128544423441
1119,0.9551604914933837
1120,0.9539092627599244
1121,0.9532189035916825
1122,0.9526173913043479
1123,0.953126843100189
1124,0.9579202268431002
1125,0.9516625708884688
1126,0.9538234404536863
1127,0.9506115311909263
1128,0.9521083175803403
1129,0.9491124763705104
1130,0.954820415879017
1131,0.9503903591682418
1132,0.9509364839319471
1133,0.9553892249527409
1134,0.9593733459357279
1135,0.9535170132325141
1136,0.9538345935727788
1137,0.9515022684310019
1138,0.9518396975425331
1139,0.9551240075614367
1140,0.9521931947069943
1141,0.9505436672967863
1142,0.9518349716446125
1143,0.952559168241966
1144,0.9563151228733459
1145,0.95487202268431
1146,0.9535215500945179
1147,0.9508459357277883
1148,0.9548013232514178
1149,0.9536173913043479
1150,0.9536962192816635
1151,0.9575270321361058
1152,0.9556531190926276
1153,0.9476281663516067
1154,0.9520468809073723
1155,0.9519761814744802
1156,0.957370888468809
1157,0.9495147448015122
1158,0.9506425330812853
1159,0.9555741020793951
1160,0.9470625708884688
1161,0.9514567107750472
1162,0.9498633270321362
1163,0.951245179584121
1164,0.9507703213610587
1165,0.9504113421550093
1166,0.9551979206049149
1167,0.9498060491493382
1168,0.9576659735349717
1169,0.9470648393194707
1170,0.9584035916824196
1171,0.9533875236294894
1172,0.9563896030245747
1173,0.9508117202268431
1174,0.9481964083175805
1175,0.9503852551984877
1176,0.9548243856332703
1177,0.953330056710775
1178,0.954168809073724
1179,0.9554510396975426
1180,0.952665595463138
1181,0.9523553875236295
1182,0.9453739130434783
1183,0.9459068052930056
1184,0.9540642722117202
1185,0.9487381852551984
1186,0.9504334593572779
1187,0.9540877126654064
1188,0.951010775047259
1189,0.9509381852551986
1190,0.9530500945179585
1191,0.9444457466918714
1192,0.9522359168241965
1193,0.9525224952741019
1194,0.9559568998109641
1195,0.9519516068052929
1196,0.9549943289224953
1197,0.9569480151228733
1198,0.9539776937618148
1199,0.9547234404536862
1200,0.9522899810964084
1201,0.9523217391304348
1202,0.9533595463137995
1203,0.9560958412098298
1204,0.9504589792060492
1205,0.948551606805293
1206,0.9543982986767486
1207,0.9510809073724007
1208,0.9520058601134216
1209,0.9544425330812853
1210,0.9461752362948961
1211,0.9576211720226844
1212,0.9488555765595463
1213,0.9535971644612475
1214,0.9560892249527412
1215,0.9506432892249528
1216,0.9509470699432891
1217,0.9522620037807183
1218,0.9463587901701324
1219,0.9529100189035917
1220,0.9479162570888469
1221,0.9478003780718336
1222,0.9491266540642722
1223,0.9515820415879017
1224,0.9475393194706994
1225,0.9541697542533082
1226,0.9484854442344045
1227,0.9460705103969754
1228,0.952081852551985
1229,0.9543007561436673
1230,0.9538417769376182
1231,0.9469258979206049
1232,0.9526092627599243
1233,0.9514389413988659
1234,0.9499113421550095
1235,0.9503434782608695
1236,0.9547546313799622
1237,0.9563909262759925
1238,0.9464741020793952
1239,0.9498648393194707
1240,0.9557493383742911
1241,0.9460000000000002
1242,0.9539671077504727
1243,0.9533627599243856
1244,0.9492901701323252
1245,0.9463289224952741
1246,0.9540234404536863
1247,0.9534682419659736
1248,0.9531523629489602
1249,0.9504758034026466
1250,0.9548209829867675
1251,0.9510593572778828
1252,0.9499041587901701
1253,0.9526037807183365
1254,0.9489729678638941
1255,0.9460381852551984
1256,0.9518595463137998
1257,0.9531631379962193
1258,0.9509748582230625
1259,0.9488911153119092
1260,0.9533958412098299
1261,0.949037618147448
1262,0.9517746691871457
1263,0.9516102079395086
1264,0.9536782608695651
1265,0.952974102079395
1266,0.9528930056710776
1267,0.951849527410208
1268,0.9525546313799621
1269,0.95146786389414
1270,0.9542718336483932
1271,0.9587449905482042
1272,0.9503669187145558
1273,0.9531190926275993
1274,0.9523425330812854
1275,0.9524115311909264
1276,0.9535160680529302
1277,0.9492567107750471
1278,0.9513514177693763
1279,0.9532960302457465
1280,0.9470844990548204
1281,0.9513406427221172
1282,0.9498952741020794
1283,0.9473230623818525
1284,0.9513710775047259
1285,0.9519595463137996
1286,0.9546586011342155
1287,0.9518706994328923
1288,0.9527194706994329
1289,0.951079584120983
1290,0.9481640831758035
1291,0.9504975425330814
1292,0.9515729678638942
1293,0.9483769376181475
1294,0.954112854442344
1295,0.948518336483932
1296,0.9494385633270321
1297,0.9481773156899811
1298,0.9545298676748583
1299,0.9526748582230624
1300,0.9570693761814745
1301,0.9529950850661624
1302,0.9516850661625709
1303,0.9486300567107752
1304,0.9584357277882798
1305,0.9511047258979206
1306,0.9490069943289224
1307,0.9584132325141776
1308,0.9492410207939509
1309,0.9499652173913044
1310,0.9496858223062382
1311,0.9520245746691871
1312,0.9513202268431002
1313,0.9541018903591681
1314,0.9540302457466918
1315,0.953533459357278
1316,0.9513325141776937
1317,0.9534869565217392
1318,0.9523183364839318
1319,0.9509982986767487
1320,0.950225897920605
1321,0.9527510396975426
1322,0.9518066162570887
1323,0.9516340264650285
1324,0.9544982986767486
1325,0.9561797731568997
1326,0.9516107750472589
1327,0.9534468809073724
1328,0.951305482041588
1329,0.953271077504726
1330,0.9532750472589792
1331,0.9542684310018903
1332,0.9529026465028355
1333,0.9514470699432892
1334,0.9534051039697544
1335,0.9548396975425331
1336,0.9534453686200379
1337,0.9522657844990549
1338,0.9527028355387523
1339,0.9551310018903592
1340,0.9519202268431003
1341,0.9502559546313801
1342,0.9484793950850661
1343,0.9520684310018904
1344,0.9483321361058601
1345,0.9503597353497165
1346,0.9588671077504725
1347,0.9531960302457467
1348,0.9531465028355387
1349,0.9535578449905483
1350,0.9578122873345936
1351,0.9541417769376181
1352,0.9558916824196597
1353,0.9526669187145559
1354,0.9542659735349716
1355,0.9526302457466918
1356,0.9509538752362949
1357,0.9553190926275993
1358,0.9513584120982987
1359,0.9550374291115313
1360,0.9531315689981096
1361,0.9506531190926277
1362,0.9557013232514177
1363,0.9581446124763706
1364,0.9543977315689982
1365,0.9499967863894141
1366,0.9499606805293006
1367,0.9502385633270323
1368,0.9537113421550094
1369,0.9561595463137996
1370,0.954648582230624
1371,0.9533270321361058
1372,0.9489937618147447
1373,0.9556572778827978
1374,0.954970888468809
1375,0.9480737240075613
1376,0.9507778827977317
1377,0.9521744801512286
1378,0.9476362948960302
1379,0.951705293005671
1380,0.9509797731568997
1381,0.956269943289225
1382,0.9600111531190927
1383,0.9486200378071833
1384,0.9535689981096408
1385,0.9535708884688091
1386,0.9499981096408318
1387,0.9514088846880907
1388,0.949926843100189
1389,0.9538149338374292
1390,0.9545827977315691
1391,0.9515916824196597
1392,0.9526805293005671
1393,0.95450775047259
1394,0.9472429111531191
1395,0.9522041587901702
1396,0.9476597353497164
1397,0.9530461247637051
1398,0.9495765595463138
1399,0.9494079395085065
1400,0.9520578449905481
1401,0.9510920604914934
1402,0.9477402646502837
1403,0.9510801512287336
1404,0.9500720226843101
1405,0.9563894139886578
1406,0.949894706994329
1407,0.954605293005671
1408,0.9519538752362948
1409,0.9540340264650283
1410,0.9510918714555767
1411,0.9535786389413988
1412,0.9575009451795841
1413,0.953012854442344
1414,0.9543015122873346
1415,0.9558461247637051
1416,0.9499903591682421
1417,0.950850661625709
1418,0.9497449905482043
1419,0.9494372400756144
1420,0.9516559546313799
1421,0.9501689981096407
1422,0.9520542533081287
1423,0.9532068052930057
1424,0.9572529300567109
1425,0.9545094517958412
1426,0.9551379962192817
1427,0.951303213610586
1428,0.9516877126654064
1429,0.9539245746691871
1430,0.9478672967863893
1431,0.955850661625709
1432,0.9529527410207941
1433,0.9501890359168244
1434,0.9550739130434783
1435,0.9539226843100189
1436,0.9519156899810964
1437,0.9530304347826088
1438,0.9505143667296786
1439,0.9524610586011343
1440,0.9577457466918715
1441,0.9549897920604915
1442,0.9501712665406428
1443,0.9561219281663516
1444,0.9553614366729679
1445,0.949102268431002
1446,0.9562230623818526
1447,0.9524557655954632
1448,0.9482962192816635
1449,0.947097731568998
1450,0.9521873345935729
1451,0.9513801512287334
1452,0.9518873345935728
1453,0.9471120982986767
1454,0.9568147448015123
1455,0.953203213610586
1456,0.9504432892249528
1457,0.9538551984877126
1458,0.9517510396975426
1459,0.9567710775047259
1460,0.9472880907372402
1461,0.9540385633270321
1462,0.9514425330812855
1463,0.9590395085066162
1464,0.954381663516068
1465,0.9564635160680529
1466,0.9511805293005671
1467,0.9460589792060491
1468,0.9575574669187145
1469,0.9500809073724008
1470,0.953410775047259
1471,0.9520037807183366
1472,0.949677504725898
1473,0.9517727788279773
1474,0.953125897920605
1475,0.9514185255198487
1476,0.949402268431002
1477,0.9489381852551985
1478,0.9524663516068054
1479,0.9545143667296787
1480,0.9552086956521739
1481,0.9498771266540643
1482,0.9529595463137998
1483,0.9533637051039696
1484,0.9493637051039697
1485,0.9546652173913045
1486,0.9536977315689981
1487,0.9535843100189036
1488,0.9521260869565217
1489,0.9533421550094517
1490,0.9522421550094519
1491,0.9502627599243857
1492,0.9532024574669187
1493,0.9526478260869565
1494,0.9521007561436673
1495,0.9520427221172023
1496,0.9537897920604915
1497,0.9514803402646502
1498,0.9505614366729679
1499,0.9513559546313799
1500,0.9545310018903592
1501,0.9518752362948961
1502,0.9524230623818526
1503,0.9523183364839319
1504,0.9509094517958412
1505,0.9557160680529301
1506,0.9534495274102079
1507,0.9527177693761815
1508,0.9503803402646502
1509,0.956835538752363
1510,0.9541077504725898
1511,0.9472712665406428
1512,0.9558230623818526
1513,0.9573792060491493
1514,0.9536582230623819
1515,0.9479803402646503
1516,0.9541293005671078
1517,0.953161247637051
1518,0.9556890359168242
1519,0.951690359168242
1520,0.9488465028355387
1521,0.9494992438563328
1522,0.9506896030245746
1523,0.9548139886578452
1524,0.9503122873345935
1525,0.9584102079395085
1526,0.9506846880907373
1527,0.9531705103969754
1528,0.9515510396975425
1529,0.9469754253308129
1530,0.9530950850661625
1531,0.9475833648393195
1532,0.9574756143667297
1533,0.9533958412098299
1534,0.9547147448015123
1535,0.9459143667296785
1536,0.9583465028355387
1537,0.9619792060491494
1538,0.9527164461247637
1539,0.9520678638941399
1540,0.9559081285444234
1541,0.9532226843100189
1542,0.954393572778828
1543,0.951492627599244
1544,0.9549720226843099
1545,0.9504448015122873
1546,0.9564514177693761
1547,0.9514417769376181
1548,0.95271190926276
1549,0.9497603024574669
1550,0.9524060491493385
1551,0.9515568998109641
1552,0.9540544423440454
1553,0.9534088846880907
1554,0.9499510396975426
1555,0.9504412098298676
1556,0.9512436672967863
1557,0.9484744801512287
1558,0.9507816635160682
1559,0.9476829867674857
1560,0.9534576559546314
1561,0.9506699432892249
1562,0.9519264650283554
1563,0.9484824196597355
1564,0.9520531190926276
1565,0.9487672967863894
1566,0.9577620037807182
1567,0.9537379962192816
1568,0.9495500945179585
1569,0.9544213610586013
1570,0.9558115311909262
1571,0.952764650283554
1572,0.9537858223062381
1573,0.9495642722117202
1574,0.9506986767485822
1575,0.9546241965973534
1576,0.9575801512287335
1577,0.9538565217391304
1578,0.9535351606805292
1579,0.9535413988657845
1580,0.9549761814744802
1581,0.9532998109640831
1582,0.9524391304347826
1583,0.9490293005671078
1584,0.9497190926275992
1585,0.954048393194707
1586,0.9540272211720227
1587,0.9502693761814746
1588,0.9477446124763704
1589,0.9571185255198488
1590,0.9516767485822306
1591,0.9509706994328921
1592,0.952116257088847
1593,0.9566873345935728
1594,0.9454361058601134
1595,0.95496011342155
1596,0.9499204158790171
1597,0.9530304347826086
1598,0.9543897920604915
1599,0.952526843100189
1600,0.9533115311909263
1601,0.9515984877126654
1602,0.9533034026465028
1603,0.948196786389414
1604,0.944094706994329
1605,0.9505686200378072
1606,0.9547232514177695
1607,0.9583466918714556
1608,0.9540964083175802
1609,0.9539570888468809
1610,0.9496606805293005
1611,0.9549529300567108
1612,0.9518255198487714
1613,0.9552068052930057
1614,0.9504232514177693
1615,0.9503903591682421
1616,0.9559674858223064
1617,0.9545599243856333
1618,0.9541739130434782
1619,0.9467378071833649
1620,0.9496863894139886
1621,0.9437007561436674
1622,0.9513457466918714
1623,0.9482657844990549
1624,0.957040831758034
1625,0.9545334593572778
1626,0.9477402646502836
1627,0.9486574669187146
1628,0.9554614366729678
1629,0.9529139886578449
1630,0.9499618147448015
1631,0.960635349716446
1632,0.9477844990548204
1633,0.9534073724007563
1634,0.9482941398865785
1635,0.9541943289224952
1636,0.9542075614366731
1637,0.950603024574669
1638,0.9577251417769376
1639,0.9458625708884689
1640,0.9551
1641,0.9570708884688091
1642,0.9518969754253308
1643,0.9488451795841211
1644,0.9535103969754253
1645,0.9513268431001891
1646,0.9551822306238186
1647,0.9544663516068053
1648,0.9573419659735349
1649,0.94901190926276
1650,0.9477578449905482
1651,0.9563181474480151
1652,0.9551733459357279
1653,0.9505578449905481
1654,0.9551073724007563
1655,0.9566527410207939
1656,0.9537064272211719
1657,0.9515086956521739
1658,0.9552060491493383
1659,0.94902797731569
1660,0.9483546313799622
1661,0.9520625708884688
1662,0.9553293005671077
1663,0.9541181474480152
1664,0.9521809073724008
1665,0.9501930056710775
1666,0.9511822306238186
1667,0.9455328922495275
1668,0.9540393194706994
1669,0.9515489603024576
1670,0.95683988657845
1671,0.9538625708884687
1672,0.9558797731568998
1673,0.9487054820415879
1674,0.9525160680529301
1675,0.9507614366729679
1676,0.9504519848771267
1677,0.9570869565217391
1678,0.9524003780718336
1679,0.9521289224952741
1680,0.9581516068052931
1681,0.9479230623818526
1682,0.9558822306238185
1683,0.9490058601134217
1684,0.9517597353497165
1685,0.9509534971644611
1686,0.9527383742911153
1687,0.9560376181474479
1688,0.9516389413988658
1689,0.9513158790170132
1690,0.9503321361058601
1691,0.9553483931947069
1692,0.9481801512287333
1693,0.952123629489603
1694,0.9489017013232516
1695,0.9538066162570888
1696,0.9498453686200378
1697,0.9465364839319471
1698,0.9550389413988658
1699,0.9497712665406427
1700,0.9546803402646502
1701,0.9536381852551985
1702,0.9552345935727788
1703,0.9526703213610586
1704,0.9505289224952741
1705,0.9529657844990547
1706,0.9470028355387524
1707,0.9498047258979206
1708,0.9553400756143667
1709,0.9536141776937619
1710,0.9537960302457468
1711,0.9513457466918716
1712,0.9489657844990549
1713,0.95025179584121
1714,0.9537519848771266
1715,0.9553701323251418
1716,0.9519805293005671
1717,0.9488546313799622
1718,0.9581069943289224
1719,0.9541676748582231
1720,0.95132381852552
1721,0.9527844990548204
1722,0.9574863894139887
1723,0.9518086956521739
1724,0.9523971644612477
1725,0.950429111531191
1726,0.9552724007561437
1727,0.9541223062381853
1728,0.9524724007561437
1729,0.9537712665406427
1730,0.9530809073724008
1731,0.9553833648393194
1732,0.9494181474480151
1733,0.9484145557655954
1734,0.9500875236294897
1735,0.9529924385633272
1736,0.947705482041588
1737,0.9491931947069943
1738,0.9490134215500945
1739,0.9484604914933839
1740,0.9557470699432892
1741,0.9514822306238185
1742,0.9542981096408318
1743,0.9591877126654064
1744,0.950595652173913
1745,0.9523068052930057
1746,0.9549540642722117
1747,0.9519678638941399
1748,0.9541047258979206
1749,0.9485389413988659
1750,0.9536028355387524
1751,0.9545793950850662
1752,0.9538245746691872
1753,0.9508427221172023
1754,0.9525884688090737
1755,0.9549739130434782
1756,0.9568434782608695
1757,0.9492587901701324
1758,0.950990359168242
1759,0.9535421550094518
1760,0.9548466918714555
1761,0.9482402646502834
1762,0.953575236294896
1763,0.9550597353497163
1764,0.9545839319470699
1765,0.9516470699432892
1766,0.9508735349716446
1767,0.9489950850661626
1768,0.9514763705103969
1769,0.9487287334593572
1770,0.9526453686200378
1771,0.9454359168241965
1772,0.9524499054820417
1773,0.9473982986767486
1774,0.9540595463137996
1775,0.9592224952741022
1776,0.9468691871455578
1777,0.9506621928166353
1778,0.9448366729678639
1779,0.9542710775047258
1780,0.9558166351606805
1781,0.9528136105860114
1782,0.9526642722117202
1783,0.9538572778827977
1784,0.9567512287334595
1785,0.9482289224952741
1786,0.9554241965973534
1787,0.9485153119092626
1788,0.9555684310018904
1789,0.9537122873345936
1790,0.951615122873346
1791,0.9560907372400755
1792,0.9512981096408318
1793,0.952469943289225
1794,0.952697920604915
1795,0.95149584120983
1796,0.9500164461247637
1797,0.94946786389414
1798,0.9506115311909265
1799,0.9539453686200378
1800,0.9502606805293006
1801,0.9534818525519848
1802,0.9538943289224954
1803,0.9571432892249527
1804,0.9544542533081285
1805,0.9543621928166351
1806,0.951000189035917
1807,0.9526947069943289
1808,0.9545623818525519
1809,0.9555039697542532
1810,0.9537771266540642
1811,0.9564124763705104
1812,0.9502731568998111
1813,0.950241965973535
1814,0.9494215500945179
1815,0.9495499054820414
1816,0.9522096408317581
1817,0.9560249527410207
1818,0.9545285444234405
1819,0.9548497164461247
1820,0.9575034026465029
1821,0.9562816635160681
1822,0.9473317580340266
1823,0.9504799621928166
1824,0.9554725897920606
1825,0.9537786389413988
1826,0.9569950850661626
1827,0.9572293005671078
1828,0.9546406427221172
1829,0.9565682419659735
1830,0.9549393194706993
1831,0.9510200378071834
1832,0.9525275992438563
1833,0.9511669187145558
1834,0.95231606805293
1835,0.9539561436672969
1836,0.9530255198487713
1837,0.9530039697542534
1838,0.9518030245746691
1839,0.9525381852551984
1840,0.952897920604915
1841,0.9512523629489603
1842,0.9483355387523631
1843,0.9565459357277881
1844,0.9512372400756144
1845,0.9528901701323251
1846,0.956747448015123
1847,0.9544871455576559
1848,0.9547196597353498
1849,0.9511304347826088
1850,0.9538850661625708
1851,0.9573763705103969
1852,0.9490037807183365
1853,0.9491035916824196
1854,0.9521
1855,0.9490461247637051
1856,0.9471039697542534
1857,0.9498809073724008
1858,0.9512058601134216
1859,0.9564379962192817
1860,0.9552684310018903
1861,0.9546928166351607
1862,0.9515429111531191
1863,0.9484327032136105
1864,0.950306427221172
1865,0.9482069943289224
1866,0.9525706994328922
1867,0.95248809073724
1868,0.9504945179584122
1869,0.9517258979206049
1870,0.954526843100189
1871,0.9509914933837429
1872,0.9587718336483932
1873,0.9519198487712666
1874,0.959431190926276
1875,0.9527731568998108
1876,0.9534640831758034
1877,0.9479417769376182
1878,0.953469943289225
1879,0.9558383742911153
1880,0.9512075614366728
1881,0.9504236294896031
1882,0.9546648393194708
1883,0.9517784499054821
1884,0.949895652173913
1885,0.9525937618147449
1886,0.9499869565217391
1887,0.9479920604914933
1888,0.9548737240075614
1889,0.9544824196597353
1890,0.9489003780718337
1891,0.9490402646502836
1892,0.9514523629489603
1893,0.954370888468809
1894,0.9542232514177694
1895,0.9583313799621928
1896,0.947694517958412
1897,0.952083742911153
1898,0.9531381852551986
1899,0.949545179584121
1900,0.9550846880907372
1901,0.9483489603024575
1902,0.9605257088846881
1903,0.9506170132325141
1904,0.9547385633270321
1905,0.9537039697542533
1906,0.9539058601134215
1907,0.9524856332703213
1908,0.9523145557655953
1909,0.9513593572778828
1910,0.9518207939508507
1911,0.9523313799621927
1912,0.9582593572778829
1913,0.951992627599244
1914,0.9475954631379961
1915,0.9512956521739131
1916,0.9543665406427221
1917,0.9542746691871455
1918,0.9439056710775048
1919,0.9569678638941399
1920,0.9462223062381852
1921,0.9518268431001891
1922,0.9539202268431003
1923,0.9536901701323252
1924,0.9522739130434783
1925,0.9514366729678638
1926,0.9513253308128544
1927,0.9560156899810963
1928,0.9520693761814746
1929,0.9525593572778829
1930,0.9491444234404538
1931,0.9497245746691871
1932,0.950269943289225
1933,0.9489769376181474
1934,0.9537196597353498
1935,0.9542589792060492
1936,0.9451890359168242
1937,0.9539022684310018
1938,0.9558565217391304
1939,0.9550045368620038
1940,0.954393383742911
1941,0.9530846880907373
1942,0.95208393194707
1943,0.9534905482041588
1944,0.9558449905482042
1945,0.9519724007561436
1946,0.9492725897920605
1947,0.954062381852552
1948,0.9491345935727789
1949,0.9457733459357278
1950,0.9496060491493383
1951,0.952820415879017
1952,0.9561175803402647
1953,0.9570913043478262
1954,0.9493232514177693
1955,0.9530359168241966
1956,0.9508669187145558
1957,0.9578793950850663
1958,0.957664461247637
1959,0.9525568998109641
1960,0.9496801512287335
1961,0.9484567107750473
1962,0.9561665406427221
1963,0.9515879017013233
1964,0.9539183364839319
1965,0.9524964083175804
1966,0.9510733459357278
1967,0.9513413988657845
1968,0.9501829867674859
1969,0.9535754253308129
1970,0.9487725897920605
1971,0.9509100189035917
1972,0.9495833648393195
1973,0.9526644612476372
1974,0.9537584120982986
1975,0.9504542533081286
1976,0.9565272211720227
1977,0.9526718336483933
1978,0.9532253308128545
1979,0.9495689981096408
1980,0.9575136105860114
1981,0.9482304347826087
1982,0.9562389413988659
1983,0.9564595463137997
1984,0.9547291115311909
1985,0.9508098298676749
1986,0.9549241965973536
1987,0.9533667296786389
1988,0.9579716446124764
1989,0.9453695652173913
1990,0.9517381852551984
1991,0.9521790170132326
1992,0.9557725897920605
1993,0.9497914933837429
1994,0.9501835538752362
1995,0.9533425330812854
1996,0.9466376181474481
1997,0.9521455576559545
1998,0.9503275992438563
1999,0.9565638941398866
2000,0.9535572778827976
