model,feature,bin_value,ale_central,ale_mean,ale_median,ale_lower_95,ale_upper_95,n_samples,requested_bins,actual_bins
TabPFN,ndvi,-0.42445219275490587,0.02945247524923178,0.029824298084779214,0.03038829423497519,0.021611099315659715,0.03744174062666752,500,20,20
TabPFN,ndvi,-0.005646687215796399,0.016215856648446048,0.01643150199521692,0.016338016295547278,0.013476306578860623,0.01990487130214529,499,20,20
TabPFN,ndvi,0.05133213293862725,0.012320271688909257,0.012345793852648269,0.012287088821637746,0.010145664277066821,0.01502571439914537,500,20,20
TabPFN,ndvi,0.0676870021668142,0.009910777672589743,0.009877089295446754,0.009762468722665653,0.007778135408184273,0.012359159247850698,501,20,20
TabPFN,ndvi,0.08226340525528725,0.00937994673887732,0.009309351192510407,0.009309479495947015,0.00742671810962522,0.011389974619538579,500,20,20
TabPFN,ndvi,0.09751045258949545,0.008343174350843752,0.008307250058160718,0.00840173438208585,0.006486083216816546,0.010096840858311333,499,20,20
TabPFN,ndvi,0.1166722617267372,0.0053357104728231075,0.005291928879333283,0.005225272932043307,0.003608632369069173,0.00700770697496031,500,20,20
TabPFN,ndvi,0.1388286996063111,0.0035005748462164643,0.0034557500922806515,0.0034009828321319713,0.0018398817438147468,0.005286446853002121,500,20,20
TabPFN,ndvi,0.16217688528092278,0.001168091893591905,0.0011737239879620535,0.0011675883702002426,-0.0004233158786889395,0.002851692859476465,501,20,20
TabPFN,ndvi,0.18961302529984425,0.0009617809512885156,0.0009964465603272666,0.0010119787931223978,-0.0005661509809970072,0.002663743071742505,500,20,20
TabPFN,ndvi,0.22420117801446576,0.0007514239944750312,0.0007482762345721879,0.0008015096897492219,-0.0007536515779811053,0.00235662978378955,500,20,20
TabPFN,ndvi,0.26324655903805655,0.0006354483733186367,0.0005749553911275407,0.000532562064678499,-0.0008154502822087031,0.001981548023623555,500,20,20
TabPFN,ndvi,0.30458693197424236,-0.0005669110730057714,-0.0005818651539230853,-0.0005383964553020565,-0.0021957438006099486,0.001046842375079521,499,20,20
TabPFN,ndvi,0.3463393047883542,-0.0018883660711115358,-0.0019238841362846503,-0.001929318961044188,-0.003687408517370416,-0.00021741362467491478,500,20,20
TabPFN,ndvi,0.3852732932523576,-0.002095278356759822,-0.0021787386255213525,-0.0023477597561202823,-0.0042281102362619885,0.00015799981224491307,501,20,20
TabPFN,ndvi,0.42182836390270706,-0.006132089071511304,-0.006117545392631134,-0.006082342670906654,-0.008301342860470896,-0.004103509480339194,500,20,20
TabPFN,ndvi,0.4561784722434158,-0.011070739482133662,-0.011100816617986694,-0.011056280833756309,-0.013840025433984783,-0.008777279030942435,500,20,20
TabPFN,ndvi,0.49278237250892687,-0.018126858402579105,-0.01819932740177329,-0.01809772777582394,-0.021449145176404272,-0.015231380036184643,500,20,20
TabPFN,ndvi,0.5371929074983979,-0.02345463261434344,-0.023586914030170596,-0.02338447607950947,-0.027555277111862765,-0.019849091453657063,499,20,20
TabPFN,ndvi,0.6715903195287942,-0.0345883732704213,-0.03459468909146871,-0.03469149905143713,-0.04256780685238258,-0.026041141248932132,501,20,20
