,aspect,curvature,distdrainage,distriver,distroads,elevation,ndvi,rainfall_frequency,slope,twi
aspect,1.0,0.00041184302198212137,0.001554005337405619,0.006260746610955815,-0.009182885159456318,0.023297841625531626,0.08093122967570626,-0.0022430348743276538,0.012965137226743485,-0.03663145209832859
curvature,0.00041184302198212137,1.0,0.006914592729052491,0.0082994502737675,-0.0021405577998667435,0.0008584466024822756,-0.001992942205178161,0.007883906984773719,-0.011496444186561136,-0.16706133387555797
distdrainage,0.001554005337405619,0.006914592729052491,1.0,0.0032506780593105676,0.08919694658115766,0.03289351930255004,-0.09796720121145511,-0.08584729446034622,0.010125792804005052,0.026316772671988654
distriver,0.006260746610955815,0.0082994502737675,0.0032506780593105676,1.0,0.20180374868677878,0.19424101806443192,-0.23771330041497013,-0.07057709674661962,0.15373958535995266,-0.23732250191360613
distroads,-0.009182885159456318,-0.0021405577998667435,0.08919694658115766,0.20180374868677878,1.0,0.31769867823014136,-0.404415007814719,-0.24435432123452425,0.2118163853860273,-0.21252648396630844
elevation,0.023297841625531626,0.0008584466024822756,0.03289351930255004,0.19424101806443192,0.31769867823014136,1.0,-0.35674628583334056,0.004116566829211663,0.7259743282571818,-0.5450637302436695
ndvi,0.08093122967570626,-0.001992942205178161,-0.09796720121145511,-0.23771330041497013,-0.404415007814719,-0.35674628583334056,1.0,0.39037931900762624,-0.17003226061283733,0.1847067355020933
rainfall_frequency,-0.0022430348743276538,0.007883906984773719,-0.08584729446034622,-0.07057709674661962,-0.24435432123452425,0.004116566829211663,0.39037931900762624,1.0,0.09968571954191088,-0.07592086812813792
slope,0.012965137226743485,-0.011496444186561136,0.010125792804005052,0.15373958535995266,0.2118163853860273,0.7259743282571818,-0.17003226061283733,0.09968571954191088,1.0,-0.6725758560237832
twi,-0.03663145209832859,-0.16706133387555797,0.026316772671988654,-0.23732250191360613,-0.21252648396630844,-0.5450637302436695,0.1847067355020933,-0.07592086812813792,-0.6725758560237832,1.0
