feature_1,feature_2,pearson_r,abs_pearson_r
elevation,slope,0.7236584000165684,0.7236584000165684
slope,twi,-0.672746688288165,0.672746688288165
elevation,twi,-0.5415219268789666,0.5415219268789666
distroads,ndvi,-0.40484596015292823,0.40484596015292823
ndvi,rainfall_frequency,0.38376458388036006,0.38376458388036006
elevation,ndvi,-0.3554189991306789,0.3554189991306789
distroads,elevation,0.31305474756105367,0.31305474756105367
distroads,rainfall_frequency,-0.2442255220163838,0.2442255220163838
distriver,twi,-0.23990142558693905,0.23990142558693905
distriver,ndvi,-0.23978515966482455,0.23978515966482455
distroads,twi,-0.2166145107585667,0.2166145107585667
distroads,slope,0.2147221060942352,0.2147221060942352
distriver,distroads,0.20143467517405256,0.20143467517405256
distriver,elevation,0.19172614055896267,0.19172614055896267
ndvi,twi,0.18740243148230595,0.18740243148230595
ndvi,slope,-0.17269848573709018,0.17269848573709018
curvature,twi,-0.16759196646389773,0.16759196646389773
distriver,slope,0.15211640717350366,0.15211640717350366
distdrainage,distroads,0.09946348923842194,0.09946348923842194
distdrainage,ndvi,-0.09846343942999079,0.09846343942999079
rainfall_frequency,slope,0.09632041123171592,0.09632041123171592
distdrainage,rainfall_frequency,-0.08875963655485576,0.08875963655485576
aspect,ndvi,0.07773664546550274,0.07773664546550274
rainfall_frequency,twi,-0.07444717138670197,0.07444717138670197
distriver,rainfall_frequency,-0.07289614744219085,0.07289614744219085
aspect,twi,-0.03521723848838141,0.03521723848838141
distdrainage,elevation,0.03201532583487826,0.03201532583487826
distdrainage,twi,0.028928515304403678,0.028928515304403678
aspect,elevation,0.02052530757396054,0.02052530757396054
aspect,slope,0.013901960934942103,0.013901960934942103
curvature,elevation,0.008703648864746963,0.008703648864746963
curvature,rainfall_frequency,0.007815248722956204,0.007815248722956204
distdrainage,slope,0.007754853631835333,0.007754853631835333
curvature,distdrainage,0.007038946872651442,0.007038946872651442
aspect,distriver,0.0068771699273740645,0.0068771699273740645
curvature,distriver,0.0059078352373787,0.0059078352373787
aspect,rainfall_frequency,-0.005167996754660413,0.005167996754660413
aspect,distdrainage,0.004470002544705635,0.004470002544705635
elevation,rainfall_frequency,0.003816405973860142,0.003816405973860142
aspect,distroads,-0.003314496712277682,0.003314496712277682
curvature,slope,-0.0018630612076131429,0.0018630612076131429
distdrainage,distriver,-0.0018149430760295761,0.0018149430760295761
curvature,distroads,-0.001218501011601659,0.001218501011601659
curvature,ndvi,-0.000867671614415936,0.000867671614415936
aspect,curvature,-0.000437246792185132,0.000437246792185132
