feature,r_squared_against_other_predictors,vif,interpretation
slope,0.6529441075463209,2.8813802668210515,low
elevation,0.5954382376733471,2.471810470294956,low
twi,0.510575919162541,2.0432178128401217,low
ndvi,0.3564130676205014,1.5537916475444193,low
distroads,0.226588822860179,1.2929732974614294,low
rainfall_frequency,0.20590209613067223,1.2592905674821606,low
distriver,0.10526023515634442,1.1176434079407853,low
curvature,0.05792858370105636,1.0614906499643484,low
distdrainage,0.018588795371665134,1.0189408835807054,low
aspect,0.014425096533858928,1.0146362254995818,low
