feature,r_squared_against_other_predictors,vif
slope,0.6451614069032547,2.818182744083179
elevation,0.5892614939492651,2.4346390349788116
twi,0.481888658087374,1.930087066437236
ndvi,0.3517753601639302,1.5426750829047335
distroads,0.22710739595633767,1.2938408192394968
rainfall_frequency,0.20028074142621088,1.2504388124695027
distriver,0.10621739535063346,1.1188403027739646
curvature,0.05441214371562153,1.057543192157131
distdrainage,0.02041325056245058,1.0208386348367526
aspect,0.013211408854957751,1.0133882869882267
